upstream,downstream,height,logP
-225000,25000,55,-4.43391432558
-225000,25000,75,0.0
-225000,25000,95,0.0
-175000,25000,15,-2.26426949841
-175000,25000,35,-0.0578960563432
-175000,25000,55,-4.28821760515
-175000,25000,75,0.0
-175000,25000,95,0.0
-125000,25000,15,-2.5855963994
-125000,25000,35,-0.00160865379938
-125000,25000,55,-2.23246098214
-125000,25000,75,0.0
-125000,25000,95,0.0
-75000,25000,15,-4.64129740325
-75000,25000,35,-8.6670378074e-05
-75000,25000,55,-0.213227366066
-75000,25000,75,0.0
-75000,25000,95,0.0
-25000,25000,15,-5.58093473452
-25000,25000,35,-5.19097071982
-25000,25000,55,-0.770581195433
-25000,25000,75,-1.03086606175e-13
-25000,25000,95,0.0
25000,25000,15,0.0
25000,25000,35,0.0
25000,25000,55,0.0
25000,25000,75,0.0
25000,25000,95,0.0
75000,25000,15,0.0
75000,25000,35,0.0
75000,25000,55,0.0
75000,25000,75,0.0
75000,25000,95,0.0
125000,25000,15,0.0
125000,25000,35,0.0
125000,25000,55,0.0
125000,25000,75,0.0
125000,25000,95,0.0
175000,25000,15,0.0
175000,25000,35,0.0
175000,25000,55,0.0
175000,25000,75,0.0
175000,25000,95,0.0
225000,25000,15,0.0
225000,25000,35,0.0
225000,25000,55,0.0
225000,25000,75,0.0
225000,25000,95,0.0
-225000,75000,15,-2.09255034235
-225000,75000,35,-0.0337984672652
-225000,75000,55,-3.83171421172
-225000,75000,75,-1.33028974011e-13
-225000,75000,95,0.0
-175000,75000,15,-2.46751865055
-175000,75000,35,-0.0362207430655
-175000,75000,55,-4.16908494139
-175000,75000,75,0.0
-175000,75000,95,0.0
-125000,75000,15,-2.04442559931
-125000,75000,35,-0.0220205504559
-125000,75000,55,-4.57811232254
-125000,75000,75,-1.18267531318e-11
125000,175000,75,0.0
125000,175000,95,0.0
175000,175000,15,0.0
175000,175000,35,0.0
175000,175000,55,0.0
175000,175000,75,0.0
175000,175000,95,0.0
225000,175000,15,0.0
225000,175000,35,0.0
225000,175000,55,0.0
225000,175000,75,0.0
225000,175000,95,0.0
-225000,225000,15,-0.775475921066
-225000,225000,35,-0.099203725732
-225000,225000,55,-2.30249968992
-225000,225000,75,-6.29702266529e-08
-225000,225000,95,0.0
-175000,225000,15,-0.0682606038776
-175000,225000,35,-0.0382801273566
-175000,225000,55,-2.42479019855
-175000,225000,75,-2.41081866638e-16
-175000,225000,95,0.0
-125000,225000,15,-0.0775671177243
-125000,225000,35,-0.0136549562282
-125000,225000,55,-2.56788457506
-125000,225000,75,-6.94156483717e-06
-125000,225000,95,0.0
-75000,225000,15,-1.2856809465
-75000,225000,35,-0.000286418832553
-75000,225000,55,-2.23852239965
-75000,225000,75,-1.18482248994e-05
-75000,225000,95,0.0
-25000,225000,15,-2.07911684317
-25000,225000,35,-1.69001490127e-05
-25000,225000,55,-3.4591070834
-25000,225000,75,-7.91505519642e-12
-25000,225000,95,-1.3838099145e-14
25000,225000,15,-0.0451879350591
25000,225000,35,-4.52471118275e-05
25000,225000,55,-0.0424705971452
25000,225000,75,-3.54591084633e-09
25000,225000,95,-1.44649119983e-16
75000,225000,15,-0.018844939989
75000,225000,35,-1.80845335671e-07
75000,225000,55,-3.50066299612e-11
75000,225000,75,0.0
75000,225000,95,0.0
125000,225000,15,-0.0959742131088
125000,225000,35,-1.85677166758
125000,225000,55,-5.74468836737e-06
125000,225000,75,0.0
125000,225000,95,0.0
175000,225000,15,-0.00126542298565
175000,225000,35,-9.26091882505e-13
175000,225000,55,0.0
175000,225000,75,0.0
175000,225000,95,0.0
225000,225000,15,0.0
225000,225000,35,0.0
225000,225000,55,0.0
225000,225000,75,0.0
225000,225000,95,0.0
25000,125000,35,-4.39963109156
25000,125000,55,-0.0755557828653
25000,125000,75,0.0
25000,125000,95,0.0
75000,125000,15,-5.46232224927
75000,125000,35,-3.3872799202e-08
75000,125000,55,-5.37335156332e-06
75000,125000,75,0.0
75000,125000,95,0.0
125000,125000,15,0.0
125000,125000,35,0.0
125000,125000,55,0.0
125000,125000,75,0.0
125000,125000,95,0.0
175000,125000,15,0.0
175000,125000,35,0.0
175000,125000,55,0.0
175000,125000,75,0.0
175000,125000,95,0.0
225000,125000,15,0.0
225000,125000,35,0.0
225000,125000,55,0.0
225000,125000,75,0.0
225000,125000,95,0.0
-225000,175000,15,-1.44721706297
-225000,175000,35,-0.0284659019784
-225000,175000,55,-2.65611472293
-225000,175000,75,-3.57049476962e-11
-225000,175000,95,0.0
-175000,175000,15,-1.86934504856
-175000,175000,35,-0.0201182652779
-175000,175000,55,-3.14622611155
-175000,175000,75,-1.25037843201e-09
-175000,175000,95,0.0
-125000,175000,15,-1.63043531711
-125000,175000,35,-0.00486965192334
-125000,175000,55,-2.59676550547
-125000,175000,75,-4.82163733277e-16
-125000,175000,95,0.0
-75000,175000,15,-2.49624383224
-75000,175000,35,-3.66278674454
-75000,175000,55,-0.997960448205
-75000,175000,75,-6.43495718431e-13
-75000,175000,95,0.0
-25000,175000,15,-3.73858942774
-25000,175000,35,-5.04373771696
-25000,175000,55,-0.910258716217
-25000,175000,75,0.0
-25000,175000,95,-1.44649119983e-15
25000,175000,15,-0.0016159352683
25000,175000,35,-3.99582202953
25000,175000,55,-0.602297118798
25000,175000,75,0.0
25000,175000,95,0.0
75000,175000,15,-0.00180382765364
75000,175000,35,-3.6332002653
75000,175000,55,-8.87374134723e-13
75000,175000,75,0.0
75000,175000,95,0.0
125000,175000,15,-0.000850734686864
125000,175000,35,-0.00609386178561
125000,175000,55,0.0
25000,-125000,35,0.0
25000,-125000,55,0.0
25000,-125000,75,0.0
25000,-125000,95,0.0
75000,-125000,15,0.0
75000,-125000,35,0.0
75000,-125000,55,0.0
75000,-125000,75,0.0
75000,-125000,95,0.0
125000,-125000,15,0.0
125000,-125000,35,0.0
125000,-125000,55,0.0
125000,-125000,75,0.0
125000,-125000,95,0.0
175000,-125000,15,0.0
175000,-125000,35,0.0
175000,-125000,55,0.0
175000,-125000,75,0.0
175000,-125000,95,0.0
225000,-125000,15,0.0
225000,-125000,35,0.0
225000,-125000,55,0.0
225000,-125000,75,0.0
225000,-125000,95,0.0
-225000,-75000,15,-4.40716090295
-225000,-75000,35,-0.0318898103571
-225000,-75000,55,-0.251344486515
-225000,-75000,75,-4.82163733277e-17
-225000,-75000,95,0.0
-175000,-75000,15,-4.27810664232
-175000,-75000,35,-0.0167224220995
-175000,-75000,55,-1.58538280757e-07
-175000,-75000,75,0.0
-175000,-75000,95,0.0
-125000,-75000,15,-3.33886113028
-125000,-75000,35,-3.9269046189e-06
-125000,-75000,55,-3.37328498106e-11
-125000,-75000,75,0.0
-125000,-75000,95,0.0
-75000,-75000,15,0.0
-75000,-75000,35,0.0
-75000,-75000,55,0.0
-75000,-75000,75,0.0
-75000,-75000,95,0.0
-25000,-75000,15,0.0
-25000,-75000,35,0.0
-25000,-75000,55,0.0
-25000,-75000,75,0.0
-25000,-75000,95,0.0
25000,-75000,15,0.0
25000,-75000,35,0.0
25000,-75000,55,0.0
25000,-75000,75,0.0
25000,-75000,95,0.0
75000,-75000,15,0.0
75000,-75000,35,0.0
75000,-75000,55,0.0
75000,-75000,75,0.0
75000,-75000,95,0.0
125000,-75000,15,0.0
125000,-75000,35,0.0
125000,-75000,55,0.0
125000,-75000,75,0.0
-125000,-175000,75,0.0
-125000,-175000,95,0.0
-75000,-175000,15,0.0
-75000,-175000,35,0.0
-75000,-175000,55,0.0
-75000,-175000,75,0.0
-75000,-175000,95,0.0
-25000,-175000,15,0.0
-25000,-175000,35,0.0
-25000,-175000,55,0.0
-25000,-175000,75,0.0
-25000,-175000,95,0.0
25000,-175000,15,0.0
25000,-175000,35,0.0
25000,-175000,55,0.0
25000,-175000,75,0.0
25000,-175000,95,0.0
75000,-175000,15,0.0
75000,-175000,35,0.0
75000,-175000,55,0.0
75000,-175000,75,0.0
75000,-175000,95,0.0
125000,-175000,15,0.0
125000,-175000,35,0.0
125000,-175000,55,0.0
125000,-175000,75,0.0
125000,-175000,95,0.0
175000,-175000,15,0.0
175000,-175000,35,0.0
175000,-175000,55,0.0
175000,-175000,75,0.0
175000,-175000,95,0.0
225000,-175000,15,0.0
225000,-175000,35,0.0
225000,-175000,55,0.0
225000,-175000,75,0.0
225000,-175000,95,0.0
-225000,-125000,15,-2.7802940143
-225000,-125000,35,-1.9992070182e-05
-225000,-125000,55,-0.01969681819
-225000,-125000,75,0.0
-225000,-125000,95,0.0
-175000,-125000,15,-4.49668922291
-175000,-125000,35,-1.24986937573e-07
-175000,-125000,55,0.0
-175000,-125000,75,0.0
-175000,-125000,95,0.0
-125000,-125000,15,0.0
-125000,-125000,35,0.0
-125000,-125000,55,0.0
-125000,-125000,75,0.0
-125000,-125000,95,0.0
-75000,-125000,15,0.0
-75000,-125000,35,0.0
-75000,-125000,55,0.0
-75000,-125000,75,0.0
-75000,-125000,95,0.0
-25000,-125000,15,0.0
-25000,-125000,35,0.0
-25000,-125000,55,0.0
-25000,-125000,75,0.0
-25000,-125000,95,0.0
25000,-125000,15,0.0
-125000,75000,95,0.0
-75000,75000,15,-3.54585677331
-75000,75000,35,-0.000921700296451
-75000,75000,55,-0.462767781552
-75000,75000,75,0.0
-75000,75000,95,-3.85730986621e-15
-25000,75000,15,-3.44595927123
-25000,75000,35,-6.10530568244
-25000,75000,55,-2.46455751391
-25000,75000,75,0.0
-25000,75000,95,0.0
25000,75000,15,-8.59480849989
25000,75000,35,-3.31661813928
25000,75000,55,-2.67404934291e-07
25000,75000,75,0.0
25000,75000,95,0.0
75000,75000,15,0.0
75000,75000,35,0.0
75000,75000,55,0.0
75000,75000,75,0.0
75000,75000,95,0.0
125000,75000,15,0.0
125000,75000,35,0.0
125000,75000,55,0.0
125000,75000,75,0.0
125000,75000,95,0.0
175000,75000,15,0.0
175000,75000,35,0.0
175000,75000,55,0.0
175000,75000,75,0.0
175000,75000,95,0.0
225000,75000,15,0.0
225000,75000,35,0.0
225000,75000,55,0.0
225000,75000,75,0.0
225000,75000,95,0.0
-225000,125000,15,-1.9226973915
-225000,125000,35,-0.0569013913347
-225000,125000,55,-3.54039968116
-225000,125000,75,-4.56972739456e-09
-225000,125000,95,0.0
-175000,125000,15,-2.29823337725
-175000,125000,35,-0.0187213871927
-175000,125000,55,-3.14962928341
-175000,125000,75,-2.06401474047e-08
-175000,125000,95,0.0
-125000,125000,15,-1.80286629019
-125000,125000,35,-0.014061619085
-125000,125000,55,-1.09864007837
-125000,125000,75,0.0
-125000,125000,95,0.0
-75000,125000,15,-2.99411886924
-75000,125000,35,-8.16060849747e-05
-75000,125000,55,-3.78876732055
-75000,125000,75,-3.36550285828e-12
-75000,125000,95,0.0
-25000,125000,15,-3.36118853845
-25000,125000,35,-4.79059147281
-25000,125000,55,-0.702733499463
-25000,125000,75,0.0
-25000,125000,95,-2.89298239966e-16
25000,125000,15,-4.72628857549
125000,-75000,95,0.0
175000,-75000,15,0.0
175000,-75000,35,0.0
175000,-75000,55,0.0
175000,-75000,75,0.0
175000,-75000,95,0.0
225000,-75000,15,0.0
225000,-75000,35,0.0
225000,-75000,55,0.0
225000,-75000,75,0.0
225000,-75000,95,0.0
-225000,-25000,15,-2.76340777054
-225000,-25000,35,-0.0755557739358
-225000,-25000,55,-5.06566039821e-12
-225000,-25000,75,-7.04971594424e-13
-225000,-25000,95,0.0
-175000,-25000,15,-3.09429931218
-175000,-25000,35,-0.0360620573863
-175000,-25000,55,-1.91432358016e-06
-175000,-25000,75,0.0
-175000,-25000,95,0.0
-125000,-25000,15,-0.00590731458283
-125000,-25000,35,-8.7667677775e-05
-125000,-25000,55,-2.57410518812e-07
-125000,-25000,75,0.0
-125000,-25000,95,0.0
-75000,-25000,15,-5.38172792909
-75000,-25000,35,-1.46225795391e-12
-75000,-25000,55,0.0
-75000,-25000,75,0.0
-75000,-25000,95,0.0
-25000,-25000,15,0.0
-25000,-25000,35,0.0
-25000,-25000,55,0.0
-25000,-25000,75,0.0
-25000,-25000,95,0.0
25000,-25000,15,0.0
25000,-25000,35,0.0
25000,-25000,55,0.0
25000,-25000,75,0.0
25000,-25000,95,0.0
75000,-25000,15,0.0
75000,-25000,35,0.0
75000,-25000,55,0.0
75000,-25000,75,0.0
75000,-25000,95,0.0
125000,-25000,15,0.0
125000,-25000,35,0.0
125000,-25000,55,0.0
125000,-25000,75,0.0
125000,-25000,95,0.0
175000,-25000,15,0.0
175000,-25000,35,0.0
175000,-25000,55,0.0
175000,-25000,75,0.0
175000,-25000,95,0.0
225000,-25000,15,0.0
225000,-25000,35,0.0
225000,-25000,55,0.0
225000,-25000,75,0.0
225000,-25000,95,0.0
-225000,25000,15,-1.99433625947
-225000,25000,35,-0.0277759110279
-225000,-225000,15,0.0
-225000,-225000,35,0.0
-225000,-225000,55,0.0
-225000,-225000,75,0.0
-225000,-225000,95,0.0
-175000,-225000,15,0.0
-175000,-225000,35,0.0
-175000,-225000,55,0.0
-175000,-225000,75,0.0
-175000,-225000,95,0.0
-125000,-225000,15,0.0
-125000,-225000,35,0.0
-125000,-225000,55,0.0
-125000,-225000,75,0.0
-125000,-225000,95,0.0
-75000,-225000,15,0.0
-75000,-225000,35,0.0
-75000,-225000,55,0.0
-75000,-225000,75,0.0
-75000,-225000,95,0.0
-25000,-225000,15,0.0
-25000,-225000,35,0.0
-25000,-225000,55,0.0
-25000,-225000,75,0.0
-25000,-225000,95,0.0
25000,-225000,15,0.0
25000,-225000,35,0.0
25000,-225000,55,0.0
25000,-225000,75,0.0
25000,-225000,95,0.0
75000,-225000,15,0.0
75000,-225000,35,0.0
75000,-225000,55,0.0
75000,-225000,75,0.0
75000,-225000,95,0.0
125000,-225000,15,0.0
125000,-225000,35,0.0
125000,-225000,55,0.0
125000,-225000,75,0.0
125000,-225000,95,0.0
175000,-225000,15,0.0
175000,-225000,35,0.0
175000,-225000,55,0.0
175000,-225000,75,0.0
175000,-225000,95,0.0
225000,-225000,15,0.0
225000,-225000,35,0.0
225000,-225000,55,0.0
225000,-225000,75,0.0
225000,-225000,95,0.0
-225000,-175000,15,-4.02050886158
-225000,-175000,35,-0.000127623004065
-225000,-175000,55,-1.92865493311e-16
-225000,-175000,75,0.0
-225000,-175000,95,0.0
-175000,-175000,15,0.0
-175000,-175000,35,0.0
-175000,-175000,55,0.0
-175000,-175000,75,0.0
-175000,-175000,95,0.0
-125000,-175000,15,0.0
-125000,-175000,35,0.0
-125000,-175000,55,0.0
125000,150000,5,-1.93896177245
125000,150000,15,-3.15985163706
125000,150000,25,-1.27266153073e-11
125000,150000,35,0.0
125000,150000,45,0.0
125000,150000,55,0.0
-75000,175000,5,-0.666508095617
-75000,175000,15,-2.49624383224
-75000,175000,25,-0.000110319991176
-75000,175000,35,-3.66278674454
-75000,175000,45,-0.00104994218876
-75000,175000,55,-0.997960448205
-50000,175000,5,-0.82143300194
-50000,175000,15,-2.51416950394
-50000,175000,25,-7.92929415767e-05
-50000,175000,35,-4.52096136089
-50000,175000,45,-0.00271395892797
-50000,175000,55,-2.52916369997
-25000,175000,5,-1.29780135884
-25000,175000,15,-3.73858942774
-25000,175000,25,-4.49738043755
-25000,175000,35,-5.04373771696
-25000,175000,45,-2.01709381009
-25000,175000,55,-0.910258716217
0,175000,5,-1.99084830519
0,175000,15,-3.5976307165
0,175000,25,-5.7841056955
0,175000,35,-4.43391432558
0,175000,45,-0.0450930720179
0,175000,55,-0.822450633047
25000,175000,5,-1.78401612838
25000,175000,15,-0.0016159352683
25000,175000,25,-5.78092480407
25000,175000,35,-3.99582202953
25000,175000,45,-0.062993758297
25000,175000,55,-0.602297118798
50000,175000,5,-2.29066008572
50000,175000,15,-0.00246920129763
50000,175000,25,-4.0924499844
50000,175000,35,-9.97658508587e-07
50000,175000,45,-7.30157217078e-08
50000,175000,55,-5.44569484512e-05
75000,175000,5,-1.32737835815
75000,175000,15,-0.00180382765364
75000,175000,25,-6.04568454095
75000,175000,35,-3.6332002653
75000,175000,45,-0.00253392403915
75000,175000,55,-8.87374134723e-13
100000,175000,5,-1.13810019922
100000,175000,15,-0.00789733098906
100000,175000,25,-0.000419645465117
100000,175000,35,-0.014404166352
100000,175000,45,-0.000849715034612
100000,175000,55,0.0
125000,175000,5,-1.98301381524
125000,175000,15,-0.000850734686864
125000,175000,25,-4.03484022403
125000,175000,35,-0.00609386178561
125000,175000,45,-1.17670612617e-11
125000,175000,55,0.0
50000,100000,55,-1.29466536112e-07
75000,100000,5,-2.18340118797
75000,100000,15,-4.08456690018
75000,100000,25,-8.42642127518e-08
75000,100000,35,-0.00507747857639
75000,100000,45,-3.46130817905e-09
75000,100000,55,0.0
100000,100000,5,0.0
100000,100000,15,0.0
100000,100000,25,0.0
100000,100000,35,0.0
100000,100000,45,0.0
100000,100000,55,0.0
125000,100000,5,0.0
125000,100000,15,0.0
125000,100000,25,0.0
125000,100000,35,0.0
125000,100000,45,0.0
125000,100000,55,0.0
-75000,125000,5,-0.628504439373
-75000,125000,15,-2.99411886924
-75000,125000,25,-0.000966588689243
-75000,125000,35,-8.16060849747e-05
-75000,125000,45,-0.00931247876605
-75000,125000,55,-3.78876732055
-50000,125000,5,-0.764247919534
-50000,125000,15,-2.74868168266
-50000,125000,25,-0.000786671555641
-50000,125000,35,-4.23980528388
-50000,125000,45,-0.000421790748384
-50000,125000,55,-2.79935895127
-25000,125000,5,-1.13312076094
-25000,125000,15,-3.36118853845
-25000,125000,25,-0.000480026207494
-25000,125000,35,-4.79059147281
-25000,125000,45,-2.05328801306
-25000,125000,55,-0.702733499463
0,125000,5,-1.78238226645
0,125000,15,-3.93897681625
0,125000,25,-5.27528593566
0,125000,35,-4.46696413528
0,125000,45,-1.0809143559e-07
0,125000,55,-0.249045696981
25000,125000,5,-1.15311859325
25000,125000,15,-4.72628857549
25000,125000,25,-6.15125805192
25000,125000,35,-4.39963109156
25000,125000,45,-1.21375591227
25000,125000,55,-0.0755557828653
50000,125000,5,-1.78319888083
50000,125000,15,-5.1849770551
50000,125000,25,-3.92098438432
50000,125000,35,-3.493300066
50000,125000,45,-1.40787537998
50000,125000,55,-0.109011052213
75000,125000,5,-0.125207165896
75000,125000,15,-5.46232224927
75000,125000,25,-0.000315973231659
75000,125000,35,-3.3872799202e-08
75000,125000,45,-1.42768685558e-06
75000,125000,55,-5.37335156332e-06
-25000,25000,25,-5.70804321557
-25000,25000,35,-5.19097071982
-25000,25000,45,-3.80641765677
-25000,25000,55,-0.770581195433
0,25000,5,-1.24775465734
0,25000,15,-3.92390426108e-08
0,25000,25,-3.29404716644e-07
0,25000,35,-1.81522252733
0,25000,45,-0.0346078820993
0,25000,55,-1.30134695511e-06
25000,25000,5,0.0
25000,25000,15,0.0
25000,25000,25,0.0
25000,25000,35,0.0
25000,25000,45,0.0
25000,25000,55,0.0
50000,25000,5,0.0
50000,25000,15,0.0
50000,25000,25,0.0
50000,25000,35,0.0
50000,25000,45,0.0
50000,25000,55,0.0
75000,25000,5,0.0
75000,25000,15,0.0
75000,25000,25,0.0
75000,25000,35,0.0
75000,25000,45,0.0
75000,25000,55,0.0
100000,25000,5,0.0
100000,25000,15,0.0
100000,25000,25,0.0
100000,25000,35,0.0
100000,25000,45,0.0
100000,25000,55,0.0
125000,25000,5,0.0
125000,25000,15,0.0
125000,25000,25,0.0
125000,25000,35,0.0
125000,25000,45,0.0
125000,25000,55,0.0
-75000,50000,5,-1.02636648411
-75000,50000,15,-3.74233880036
-75000,50000,25,-5.52650674054e-05
-75000,50000,35,-0.00030066484678
-75000,50000,45,-0.00336606741264
-75000,50000,55,-0.284105597981
-50000,50000,5,-1.21116437241
-50000,50000,15,-3.53918699928
-50000,50000,25,-8.82264372731e-06
-50000,50000,35,-2.91598487043e-06
-50000,50000,45,-6.95993575364e-08
-50000,50000,55,-0.34035421646
-25000,50000,5,-1.20792970317
-25000,50000,15,-4.53146985262e-05
-25000,50000,25,-1.7531524944e-06
-25000,50000,35,-1.9685869405e-07
-25000,50000,45,-0.000492276642777
-25000,50000,55,-2.16779528648
0,50000,5,-1.85928232878
0,50000,15,-1.25531308807e-05
0,50000,25,-1.19603757657e-08
-75000,-25000,5,-2.51117612006
-75000,-25000,15,-5.38172792909
-75000,-25000,25,-2.92510369061
-75000,-25000,35,-1.46225795391e-12
-75000,-25000,45,0.0
-75000,-25000,55,0.0
-50000,-25000,5,-0.0398571515267
-50000,-25000,15,-4.54321854054
-50000,-25000,25,-0.000233881128888
-50000,-25000,35,-3.10763847434e-09
-50000,-25000,45,0.0
-50000,-25000,55,0.0
-25000,-25000,5,0.0
-25000,-25000,15,0.0
-25000,-25000,25,0.0
-25000,-25000,35,0.0
-25000,-25000,45,0.0
-25000,-25000,55,0.0
0,-25000,5,0.0
0,-25000,15,0.0
0,-25000,25,0.0
0,-25000,35,0.0
0,-25000,45,0.0
0,-25000,55,0.0
25000,-25000,5,0.0
25000,-25000,15,0.0
25000,-25000,25,0.0
25000,-25000,35,0.0
25000,-25000,45,0.0
25000,-25000,55,0.0
50000,-25000,5,0.0
50000,-25000,15,0.0
50000,-25000,25,0.0
50000,-25000,35,0.0
50000,-25000,45,0.0
50000,-25000,55,0.0
75000,-25000,5,0.0
75000,-25000,15,0.0
75000,-25000,25,0.0
75000,-25000,35,0.0
75000,-25000,45,0.0
75000,-25000,55,0.0
100000,-25000,5,0.0
100000,-25000,15,0.0
100000,-25000,25,0.0
100000,-25000,35,0.0
100000,-25000,45,0.0
100000,-25000,55,0.0
125000,-25000,5,0.0
125000,-25000,15,0.0
125000,-25000,25,0.0
125000,-25000,35,0.0
125000,-25000,45,0.0
125000,-25000,55,0.0
-75000,0,5,-2.6038871031
-75000,0,15,-6.83690497665
-75000,0,25,-4.77196499151
-75000,0,35,-0.00387441895827
-75000,0,45,-6.76783670637e-08
-75000,0,55,-4.82163733277e-17
-50000,0,5,-1.39302636972
25000,75000,45,-0.000307025238871
25000,75000,55,-2.67404934291e-07
50000,75000,5,-2.96443192981
50000,75000,15,-6.80646665479
50000,75000,25,-3.70617239497
50000,75000,35,-0.801245302934
50000,75000,45,-2.34868967607e-07
50000,75000,55,-3.84480253914e-11
75000,75000,5,0.0
75000,75000,15,0.0
75000,75000,25,0.0
75000,75000,35,0.0
75000,75000,45,0.0
75000,75000,55,0.0
100000,75000,5,0.0
100000,75000,15,0.0
100000,75000,25,0.0
100000,75000,35,0.0
100000,75000,45,0.0
100000,75000,55,0.0
125000,75000,5,0.0
125000,75000,15,0.0
125000,75000,25,0.0
125000,75000,35,0.0
125000,75000,45,0.0
125000,75000,55,0.0
-75000,100000,5,-0.717103290562
-75000,100000,15,-3.63197065136
-75000,100000,25,-0.000297530501777
-75000,100000,35,-0.000199077746536
-75000,100000,45,-0.000378784750699
-75000,100000,55,-2.52916343928
-50000,100000,5,-0.800244362184
-50000,100000,15,-3.27470408339
-50000,100000,25,-0.00019376683892
-50000,100000,35,-4.02701982668
-50000,100000,45,-3.25385965035
-50000,100000,55,-3.60497371473
-25000,100000,5,-1.10719884708
-25000,100000,15,-3.96863483952
-25000,100000,25,-0.000261505035333
-25000,100000,35,-5.53891233806
-25000,100000,45,-3.42510086781
-25000,100000,55,-0.707348547013
0,100000,5,-1.54956120938
0,100000,15,-4.68651984704
0,100000,25,-2.20891975168e-05
0,100000,35,-5.45538741161
0,100000,45,-3.10554570119
0,100000,55,-0.399339995954
25000,100000,5,-0.829597068728
25000,100000,15,-6.68458553797
25000,100000,25,-5.32531954137
25000,100000,35,-4.53208028125
25000,100000,45,-1.05051572953
25000,100000,55,-0.00233907420762
50000,100000,5,-1.39937853916
50000,100000,15,-7.01224999944
50000,100000,25,-2.52115962644
50000,100000,35,-1.37197772372
50000,100000,45,-0.00747822798745
0,50000,35,-7.71372737929e-06
0,50000,45,-9.12064293108e-11
0,50000,55,-0.00791213733509
25000,50000,5,-3.02175956385
25000,50000,15,-10.3387184608
25000,50000,25,-4.70070158537
25000,50000,35,0.0
25000,50000,45,0.0
25000,50000,55,0.0
50000,50000,5,0.0
50000,50000,15,0.0
50000,50000,25,0.0
50000,50000,35,0.0
50000,50000,45,0.0
50000,50000,55,0.0
75000,50000,5,0.0
75000,50000,15,0.0
75000,50000,25,0.0
75000,50000,35,0.0
75000,50000,45,0.0
75000,50000,55,0.0
100000,50000,5,0.0
100000,50000,15,0.0
100000,50000,25,0.0
100000,50000,35,0.0
100000,50000,45,0.0
100000,50000,55,0.0
125000,50000,5,0.0
125000,50000,15,0.0
125000,50000,25,0.0
125000,50000,35,0.0
125000,50000,45,0.0
125000,50000,55,0.0
-75000,75000,5,-0.723184866087
-75000,75000,15,-3.54585677331
-75000,75000,25,-4.84815055517
-75000,75000,35,-0.000921700296451
-75000,75000,45,-0.00114509449625
-75000,75000,55,-0.462767781552
-50000,75000,5,-0.866442986015
-50000,75000,15,-2.5416982614
-50000,75000,25,-3.51035799822e-05
-50000,75000,35,-4.81788452113
-50000,75000,45,-3.44774984443
-50000,75000,55,-2.69645377742
-25000,75000,5,-1.32840485541
-25000,75000,15,-3.44595927123
-25000,75000,25,-5.57469891399
-25000,75000,35,-6.10530568244
-25000,75000,45,-3.75485541821
-25000,75000,55,-2.46455751391
0,75000,5,-2.12952581784
0,75000,15,-3.01531021285e-05
0,75000,25,-6.67254886784
0,75000,35,-4.80638177786
0,75000,45,-0.00021933404999
0,75000,55,-0.0987374204157
25000,75000,5,-1.29139573738
25000,75000,15,-8.59480849989
25000,75000,25,-6.80559763497
25000,75000,35,-3.31661813928
-50000,0,15,-7.00166124185
-50000,0,25,-3.58694510502e-08
-50000,0,35,-1.94649499124e-13
-50000,0,45,-1.90481432742
-50000,0,55,-0.0318420552387
-25000,0,5,-1.81316147886
-25000,0,15,-7.18373252151
-25000,0,25,-4.84237697673
-25000,0,35,-1.16319805461
-25000,0,45,-0.097233301248
-25000,0,55,-8.32926434764e-09
0,0,5,0.0
0,0,15,0.0
0,0,25,0.0
0,0,35,0.0
0,0,45,0.0
0,0,55,0.0
25000,0,5,0.0
25000,0,15,0.0
25000,0,25,0.0
25000,0,35,0.0
25000,0,45,0.0
25000,0,55,0.0
50000,0,5,0.0
50000,0,15,0.0
50000,0,25,0.0
50000,0,35,0.0
50000,0,45,0.0
50000,0,55,0.0
75000,0,5,0.0
75000,0,15,0.0
75000,0,25,0.0
75000,0,35,0.0
75000,0,45,0.0
75000,0,55,0.0
100000,0,5,0.0
100000,0,15,0.0
100000,0,25,0.0
100000,0,35,0.0
100000,0,45,0.0
100000,0,55,0.0
125000,0,5,0.0
125000,0,15,0.0
125000,0,25,0.0
125000,0,35,0.0
125000,0,45,0.0
125000,0,55,0.0
-75000,25000,5,-1.49161417986
-75000,25000,15,-4.64129740325
-75000,25000,25,-1.13993447211e-05
-75000,25000,35,-8.6670378074e-05
-75000,25000,45,-0.00131002484613
-75000,25000,55,-0.213227366066
-50000,25000,5,-1.83426628874
-50000,25000,15,-4.67094751304
-50000,25000,25,-5.68747597398e-06
-50000,25000,35,-2.27154104765e-05
-50000,25000,45,-0.000198005075154
-50000,25000,55,-0.550860187608
-25000,25000,5,-0.99107910054
-25000,25000,15,-5.58093473452
100000,125000,5,-2.10558375602
100000,125000,15,-0.00182406286257
100000,125000,25,-4.76165616437e-12
100000,125000,35,-0.000339846588677
100000,125000,45,0.0
100000,125000,55,0.0
125000,125000,5,0.0
125000,125000,15,0.0
125000,125000,25,0.0
125000,125000,35,0.0
125000,125000,45,0.0
125000,125000,55,0.0
-75000,150000,5,-0.799744189063
-75000,150000,15,-2.50320615623
-75000,150000,25,-0.000118677930419
-75000,150000,35,-0.001008675512
-75000,150000,45,-0.00676180226926
-75000,150000,55,-3.43462712126
-50000,150000,5,-0.811299461557
-50000,150000,15,-2.14770040319
-50000,150000,25,-0.000195874956111
-50000,150000,35,-3.03377488568e-05
-50000,150000,45,-0.000175238112564
-50000,150000,55,-1.27029386078
-25000,150000,5,-1.19247697043
-25000,150000,15,-2.99411903019
-25000,150000,25,-8.16060061164e-05
-25000,150000,35,-4.58231058334
-25000,150000,45,-1.66315951037
-25000,150000,55,-0.821432902565
0,150000,5,-1.66629630395
0,150000,15,-0.000449474378588
0,150000,25,-7.34213133746e-06
0,150000,35,-5.17599352479
0,150000,45,-0.000767863696386
0,150000,55,-3.78750807704
25000,150000,5,-1.52413979922
25000,150000,15,-0.000228324366224
25000,150000,25,-5.61217433887
25000,150000,35,-3.15644221752
25000,150000,45,-2.35933707211
25000,150000,55,-1.26297467726
50000,150000,5,-2.15134550413
50000,150000,15,-4.10955799743
50000,150000,25,-3.46810223853e-05
50000,150000,35,-4.07039058784e-08
50000,150000,45,-1.20839874834e-12
50000,150000,55,-0.00224430668872
75000,150000,5,-1.12196655169
75000,150000,15,-0.000105304275081
75000,150000,25,-0.000493517050178
75000,150000,35,-0.00326905095176
75000,150000,45,-4.43141286557e-07
75000,150000,55,0.0
100000,150000,5,-1.55444993676
100000,150000,15,-0.000938307263249
100000,150000,25,-1.70985111104e-07
100000,150000,35,-7.95565338276e-12
100000,150000,45,0.0
100000,150000,55,0.0
-25000,0,5,-1.81316147886
-25000,0,10,-7.81323236624
-25000,0,15,-7.18373252151
-25000,0,20,-6.36873961652
-25000,0,25,-4.84237697673
-25000,0,30,-2.71414663613
-25000,0,35,-1.16319805461
-13000,0,5,-3.92098460726
-13000,0,10,-1.97690173547e-09
-13000,0,15,-9.03290810147
-13000,0,20,-7.29391018426e-06
-13000,0,25,-4.57306480071e-06
-13000,0,30,-2.71458181835e-14
-13000,0,35,-0.3987054781
-1000,0,5,-12.3509154224
-1000,0,10,-12.0815063299
-1000,0,15,-8.11285785261
-1000,0,20,-5.73808485232
-1000,0,25,-0.474072563316
-1000,0,30,-0.0723850767624
-1000,0,35,-9.71759918515e-08
11000,0,5,0.0
11000,0,10,0.0
11000,0,15,0.0
11000,0,20,0.0
11000,0,25,0.0
11000,0,30,0.0
11000,0,35,0.0
23000,0,5,0.0
23000,0,10,0.0
23000,0,15,0.0
23000,0,20,0.0
23000,0,25,0.0
23000,0,30,0.0
23000,0,35,0.0
35000,0,5,0.0
35000,0,10,0.0
35000,0,15,0.0
35000,0,20,0.0
35000,0,25,0.0
35000,0,30,0.0
35000,0,35,0.0
47000,0,5,0.0
47000,0,10,0.0
47000,0,15,0.0
47000,0,20,0.0
47000,0,25,0.0
47000,0,30,0.0
47000,0,35,0.0
59000,0,5,0.0
59000,0,10,0.0
59000,0,15,0.0
59000,0,20,0.0
59000,0,25,0.0
59000,0,30,0.0
59000,0,35,0.0
71000,0,5,0.0
71000,0,10,0.0
71000,0,15,0.0
71000,0,20,0.0
71000,0,25,0.0
71000,0,30,0.0
71000,0,35,0.0
-25000,12000,5,-1.08224978043
-25000,12000,10,-0.000214674336971
-25000,12000,15,-2.74041646824e-06
-25000,12000,20,-9.31018826913
-25000,12000,25,-9.31224306569
-25000,12000,30,-6.43933600868
-25000,12000,35,-8.09186866271
-13000,12000,5,-2.53617827256
23000,48000,25,-5.34510073553
23000,48000,30,-0.000105602205765
23000,48000,35,-2.38489194428e-07
35000,48000,5,-0.0014892921896
35000,48000,10,-6.60316049702
35000,48000,15,-5.77456693238
35000,48000,20,-1.96350678533
35000,48000,25,-0.487733757318
35000,48000,30,0.0
35000,48000,35,0.0
47000,48000,5,-5.78596479932e-16
47000,48000,10,0.0
47000,48000,15,0.0
47000,48000,20,0.0
47000,48000,25,0.0
47000,48000,30,0.0
47000,48000,35,0.0
59000,48000,5,0.0
59000,48000,10,0.0
59000,48000,15,0.0
59000,48000,20,0.0
59000,48000,25,0.0
59000,48000,30,0.0
59000,48000,35,0.0
71000,48000,5,0.0
71000,48000,10,0.0
71000,48000,15,0.0
71000,48000,20,0.0
71000,48000,25,0.0
71000,48000,30,0.0
71000,48000,35,0.0
-25000,60000,5,-1.06601030344
-25000,60000,10,-0.0350442073
-25000,60000,15,-0.000361153330865
-25000,60000,20,-6.9155136484
-25000,60000,25,-3.71779575982e-05
-25000,60000,30,-3.79707629765e-05
-25000,60000,35,-2.14232878279e-07
-13000,60000,5,-1.0457763335
-13000,60000,10,-0.0493863056534
-13000,60000,15,-0.000442120652233
-13000,60000,20,-6.5307229943
-13000,60000,25,-3.02850699658e-06
-13000,60000,30,-1.15107137891e-07
-13000,60000,35,-6.13785526413e-09
-1000,60000,5,-2.39120674147
-1000,60000,10,-0.0133391591458
-1000,60000,15,-0.000101646978445
-1000,60000,20,-9.65783857702
-1000,60000,25,-8.42535686539
-1000,60000,30,-7.87230197921
-1000,60000,35,-6.20565675251
11000,60000,5,-1.69746103708
11000,60000,10,-3.52466088587
11000,60000,15,-6.42754306274
11000,60000,20,-6.29107274229
11000,60000,25,-4.64693673596
11000,60000,30,-0.000727915585521
11000,60000,35,-0.00103520713776
23000,60000,5,-2.9529288109
23000,60000,10,-4.59912301739
23000,60000,15,-7.76093638817
23000,60000,20,-6.51289871324
23000,60000,25,-4.06227897188
23000,60000,30,-1.45878449628
23000,60000,35,-3.60652424841e-06
35000,60000,5,-3.73546778358
35000,60000,10,-3.47288473977
35000,60000,15,-4.41606866323
35000,60000,20,-4.1472027416
35000,60000,25,-2.47740145405
47000,72000,35,-0.518096799151
59000,72000,5,-1.65495001639
59000,72000,10,-4.42019099802
59000,72000,15,-2.87852385785
59000,72000,20,-1.74967575532e-12
59000,72000,25,-0.0130978331555
59000,72000,30,-1.95591681736e-05
59000,72000,35,-1.19246286112e-07
71000,72000,5,-0.769853262677
71000,72000,10,0.0
71000,72000,15,0.0
71000,72000,20,0.0
71000,72000,25,0.0
71000,72000,30,0.0
71000,72000,35,0.0
-25000,84000,5,-1.03633747141
-25000,84000,10,-0.0854015104434
-25000,84000,15,-3.31603466378
-25000,84000,20,-6.71386674356
-25000,84000,25,-5.77933576494
-25000,84000,30,-7.30320801203
-25000,84000,35,-6.34697516732
-13000,84000,5,-0.816862972249
-13000,84000,10,-0.097233278414
-13000,84000,15,-3.15928405808
-13000,84000,20,-6.57497332061
-13000,84000,25,-9.57680923124e-05
-13000,84000,30,-2.38566313892e-06
-13000,84000,35,-5.60122964264
-1000,84000,5,-2.09883597567
-1000,84000,10,-0.0662682276781
-1000,84000,15,-4.09902529098
-1000,84000,20,-7.41373240593
-1000,84000,25,-6.64508056059
-1000,84000,30,-8.01199682771
-1000,84000,35,-5.92336661352
11000,84000,5,-0.58864275697
11000,84000,10,-0.0295047089754
11000,84000,15,-5.58795567753
11000,84000,20,-6.02859133981
11000,84000,25,-4.0101038892
11000,84000,30,-4.33515497887e-08
11000,84000,35,-3.73670336023e-10
23000,84000,5,-1.35909442707
23000,84000,10,-0.000813704704537
23000,84000,15,-6.29939967605
23000,84000,20,-7.05114776133
23000,84000,25,-5.57158109047
23000,84000,30,-4.53555880059
23000,84000,35,-3.1190721274
35000,84000,5,-1.96393951203
35000,84000,10,-3.20953144633
35000,84000,15,-5.90807242969
35000,84000,20,-5.72068233121
35000,84000,25,-4.19969305882
35000,84000,30,-2.99356672838
35000,84000,35,-2.80466785223
47000,84000,5,-2.79882848049
47000,84000,10,-4.19303181196
47000,84000,15,-7.2563697519
47000,84000,20,-4.73625965637
47000,84000,25,-3.06460695945
47000,84000,30,-1.0272438327
47000,84000,35,-0.471584105579
59000,84000,5,-1.40398020522
59000,84000,10,-6.00016786499
59000,84000,15,-6.20730927207
59000,84000,20,-3.22906043808
59000,84000,25,-1.58169224222
59000,84000,30,-1.01181167554
59000,84000,35,-0.0647408377268
11000,36000,20,-0.000446067094846
11000,36000,25,-0.00175216022184
11000,36000,30,-1.03393792701e-10
11000,36000,35,-8.97841430816e-08
23000,36000,5,-4.4229465749
23000,36000,10,-5.1059281908
23000,36000,15,-9.58985460651
23000,36000,20,-1.45371627865
23000,36000,25,-0.142213328567
23000,36000,30,0.0
23000,36000,35,0.0
35000,36000,5,-3.24637335396
35000,36000,10,0.0
35000,36000,15,-7.17459635116e-14
35000,36000,20,0.0
35000,36000,25,0.0
35000,36000,30,0.0
35000,36000,35,0.0
47000,36000,5,0.0
47000,36000,10,0.0
47000,36000,15,0.0
47000,36000,20,0.0
47000,36000,25,0.0
47000,36000,30,0.0
47000,36000,35,0.0
59000,36000,5,0.0
59000,36000,10,0.0
59000,36000,15,0.0
59000,36000,20,0.0
59000,36000,25,0.0
59000,36000,30,0.0
59000,36000,35,0.0
71000,36000,5,0.0
71000,36000,10,0.0
71000,36000,15,0.0
71000,36000,20,0.0
71000,36000,25,0.0
71000,36000,30,0.0
71000,36000,35,0.0
-25000,48000,5,-1.04518492055
-25000,48000,10,-0.0269744253607
-25000,48000,15,-4.92354385384
-25000,48000,20,-5.89922682079
-25000,48000,25,-8.35018828524e-05
-25000,48000,30,-3.79708644913e-05
-25000,48000,35,-0.000164563913932
-13000,48000,5,-1.15249053793
-13000,48000,10,-0.0283354945878
-13000,48000,15,-8.67973175317e-06
-13000,48000,20,-9.51859318634e-07
-13000,48000,25,-3.36832329573e-06
-13000,48000,30,-7.28488855428e-07
-13000,48000,35,-1.06402973575e-07
-1000,48000,5,-2.20091450551
-1000,48000,10,-0.00214826857382
-1000,48000,15,-5.3370310303e-07
-1000,48000,20,-1.3576602871e-08
-1000,48000,25,-1.18314547886e-07
-1000,48000,30,-8.82428614383e-09
-1000,48000,35,-3.80707322701e-11
11000,48000,5,-1.56501090722
11000,48000,10,-7.19830834102e-06
11000,48000,15,-10.6133375154
11000,48000,20,-1.61639982862e-06
11000,48000,25,-1.338287846e-05
11000,48000,30,-5.63128305693e-07
11000,48000,35,-1.12747672696e-10
23000,48000,5,-3.11005221486
23000,48000,10,-7.78799748786
23000,48000,15,-10.8460376872
23000,48000,20,-7.04937628728
71000,84000,5,-2.71938291349
71000,84000,10,-7.86104035505
71000,84000,15,-3.81778893476
71000,84000,20,-1.95228766977
71000,84000,25,-0.00111341317996
71000,84000,30,-0.0329554126545
71000,84000,35,-1.47254309689e-05
-25000,96000,5,-1.13374236147
-25000,96000,10,-0.121288310468
-25000,96000,15,-4.06358909181
-25000,96000,20,-6.32524997072
-25000,96000,25,-3.5805292438
-25000,96000,30,-5.26470713295
-25000,96000,35,-5.60279313112
-13000,96000,5,-0.903761726678
-13000,96000,10,-0.126955492563
-13000,96000,15,-4.11351211076
-13000,96000,20,-6.59032831656
-13000,96000,25,-0.000115072475392
-13000,96000,30,-6.28483454019e-06
-13000,96000,35,-5.40009062769
-1000,96000,5,-1.80122216515
-1000,96000,10,-0.090515659818
-1000,96000,15,-4.43666279394
-1000,96000,20,-5.93948975756
-1000,96000,25,-5.03046653377
-1000,96000,30,-6.83342465797
-1000,96000,35,-5.24659539893
11000,96000,5,-0.506475415963
11000,96000,10,-0.0336484337323
11000,96000,15,-5.76583226498
11000,96000,20,-6.76051345877
11000,96000,25,-4.39279197396
11000,96000,30,-1.36635231229e-05
11000,96000,35,-4.07538143596
23000,96000,5,-1.24709489787
23000,96000,10,-0.00180785780779
23000,96000,15,-6.78476964469
23000,96000,20,-7.27616411725
23000,96000,25,-4.51818201445
23000,96000,30,-4.78127295123
23000,96000,35,-2.2464617185
35000,96000,5,-1.297463537
35000,96000,10,-2.35645255398
35000,96000,15,-6.11021948761
35000,96000,20,-8.03477269688
35000,96000,25,-5.48469678685
35000,96000,30,-3.74421459138
35000,96000,35,-3.39305911042
47000,96000,5,-2.30060239491
47000,96000,10,-3.8285469667
47000,96000,15,-8.84186839441
47000,96000,20,-9.81253302584
47000,96000,25,-3.82917938827
47000,96000,30,-3.31136238489
47000,96000,35,-3.62213990569
59000,96000,5,-0.713377129958
59000,96000,10,-5.46386376031
59000,96000,15,-9.79774269116
59000,96000,20,-5.60279380597
59000,96000,25,-3.84310756376e-05
59000,96000,30,-3.07299356085
59000,96000,35,-2.70685312223
71000,96000,5,-2.67934656711
71000,96000,10,-6.71559171377
71000,96000,15,-7.07063932239
71000,96000,20,-3.54767632527
71000,96000,25,-0.0195047950323
71000,96000,30,-0.0456008832422
71000,96000,35,-0.000775338069277
35000,60000,30,-0.165861451804
35000,60000,35,0.0
47000,60000,5,-4.21638544863
47000,60000,10,-4.67519147754
47000,60000,15,-5.43615556662
47000,60000,20,-2.06039393601
47000,60000,25,-1.92782370299
47000,60000,30,-0.482310404118
47000,60000,35,0.0
59000,60000,5,-4.59633492661
59000,60000,10,-3.00610356023e-05
59000,60000,15,0.0
59000,60000,20,0.0
59000,60000,25,0.0
59000,60000,30,0.0
59000,60000,35,0.0
71000,60000,5,0.0
71000,60000,10,0.0
71000,60000,15,0.0
71000,60000,20,0.0
71000,60000,25,0.0
71000,60000,30,0.0
71000,60000,35,0.0
-25000,72000,5,-1.45661096252
-25000,72000,10,-0.0371577370215
-25000,72000,15,-2.98035260302
-25000,72000,20,-5.88798083737
-25000,72000,25,-5.07329379351
-25000,72000,30,-5.59029829765
-25000,72000,35,-6.12825864218
-13000,72000,5,-1.40150001834
-13000,72000,10,-0.0552859799366
-13000,72000,15,-0.000591481293317
-13000,72000,20,-6.59374317217
-13000,72000,25,-5.63253150266
-13000,72000,30,-4.1121398268e-07
-13000,72000,35,-5.31772228006
-1000,72000,5,-2.70789491326
-1000,72000,10,-0.0205638635778
-1000,72000,15,-0.000150714648069
-1000,72000,20,-5.9961074491
-1000,72000,25,-7.97600076327
-1000,72000,30,-8.90999564166
-1000,72000,35,-6.37209254147
11000,72000,5,-1.09589818589
11000,72000,10,-0.00267649304077
11000,72000,15,-5.75551933949
11000,72000,20,-5.61530353823
11000,72000,25,-5.19846852886
11000,72000,30,-1.30133601256e-06
11000,72000,35,-4.19569357811
23000,72000,5,-2.33201269396
23000,72000,10,-3.25617537583
23000,72000,15,-6.34781544565
23000,72000,20,-6.65194188792
23000,72000,25,-6.91200920858
23000,72000,30,-3.66896838382
23000,72000,35,-0.956555806601
35000,72000,5,-2.74973251022
35000,72000,10,-2.92347726604
35000,72000,15,-5.67179238474
35000,72000,20,-5.11929370887
35000,72000,25,-5.77615560596
35000,72000,30,-1.93638782039
35000,72000,35,-0.312693529447
47000,72000,5,-2.65972184877
47000,72000,10,-4.12670903225
47000,72000,15,-7.79827399772
47000,72000,20,-5.14237993324
47000,72000,25,-5.23454033526
47000,72000,30,-3.52345143304
-1000,24000,15,-7.00695388945
-1000,24000,20,-9.32457989207
-1000,24000,25,-7.99303873263
-1000,24000,30,-6.96994766656
-1000,24000,35,-5.50015677142
11000,24000,5,-2.37814579462
11000,24000,10,-5.75281016037e-08
11000,24000,15,-5.14760016146
11000,24000,20,-9.9788606239e-13
11000,24000,25,0.0
11000,24000,30,0.0
11000,24000,35,0.0
23000,24000,5,-5.90974410625
23000,24000,10,-0.00138750418861
23000,24000,15,-5.14903518966e-10
23000,24000,20,0.0
23000,24000,25,0.0
23000,24000,30,0.0
23000,24000,35,0.0
35000,24000,5,0.0
35000,24000,10,0.0
35000,24000,15,0.0
35000,24000,20,0.0
35000,24000,25,0.0
35000,24000,30,0.0
35000,24000,35,0.0
47000,24000,5,0.0
47000,24000,10,0.0
47000,24000,15,0.0
47000,24000,20,0.0
47000,24000,25,0.0
47000,24000,30,0.0
47000,24000,35,0.0
59000,24000,5,0.0
59000,24000,10,0.0
59000,24000,15,0.0
59000,24000,20,0.0
59000,24000,25,0.0
59000,24000,30,0.0
59000,24000,35,0.0
71000,24000,5,0.0
71000,24000,10,0.0
71000,24000,15,0.0
71000,24000,20,0.0
71000,24000,25,0.0
71000,24000,30,0.0
71000,24000,35,0.0
-25000,36000,5,-1.04696004319
-25000,36000,10,-0.0210515783773
-25000,36000,15,-5.58561426693
-25000,36000,20,-7.08838535925
-25000,36000,25,-5.57158109047
-25000,36000,30,-5.02163044847
-25000,36000,35,-5.24961107074
-13000,36000,5,-1.5271179127
-13000,36000,10,-0.00854017879691
-13000,36000,15,-6.031844651
-13000,36000,20,-1.60500146689e-06
-13000,36000,25,-6.70180032051
-13000,36000,30,-6.34844277676e-07
-13000,36000,35,-5.77138925277
-1000,36000,5,-2.45765834258
-1000,36000,10,-0.000923899583477
-1000,36000,15,-6.77783367528
-1000,36000,20,-9.49198709936
-1000,36000,25,-7.85164330225
-1000,36000,30,-6.58350026441
-1000,36000,35,-5.57313904454
11000,36000,5,-1.6130649608
11000,36000,10,-1.29612778236e-05
11000,36000,15,-7.58764356264
-13000,12000,10,-1.8547379449e-06
-13000,12000,15,-6.71214159941
-13000,12000,20,-8.6352308311
-13000,12000,25,-9.61283391219
-13000,12000,30,-7.20790011291
-13000,12000,35,-7.13285392908
-1000,12000,5,-4.20103080097
-1000,12000,10,-1.79114310765e-08
-1000,12000,15,-9.61492461481
-1000,12000,20,-11.6202049434
-1000,12000,25,-9.73239015085
-1000,12000,30,-5.29193431621
-1000,12000,35,-2.02941006985
11000,12000,5,0.0
11000,12000,10,-1.90693990169
11000,12000,15,-9.12433359172e-05
11000,12000,20,-5.77736101166e-09
11000,12000,25,-1.92865493311e-16
11000,12000,30,0.0
11000,12000,35,0.0
23000,12000,5,0.0
23000,12000,10,0.0
23000,12000,15,0.0
23000,12000,20,0.0
23000,12000,25,0.0
23000,12000,30,0.0
23000,12000,35,0.0
35000,12000,5,0.0
35000,12000,10,0.0
35000,12000,15,0.0
35000,12000,20,0.0
35000,12000,25,0.0
35000,12000,30,0.0
35000,12000,35,0.0
47000,12000,5,0.0
47000,12000,10,0.0
47000,12000,15,0.0
47000,12000,20,0.0
47000,12000,25,0.0
47000,12000,30,0.0
47000,12000,35,0.0
59000,12000,5,0.0
59000,12000,10,0.0
59000,12000,15,0.0
59000,12000,20,0.0
59000,12000,25,0.0
59000,12000,30,0.0
59000,12000,35,0.0
71000,12000,5,0.0
71000,12000,10,0.0
71000,12000,15,0.0
71000,12000,20,0.0
71000,12000,25,0.0
71000,12000,30,0.0
71000,12000,35,0.0
-25000,24000,5,-0.980244213942
-25000,24000,10,-0.00838316866478
-25000,24000,15,-5.46617614489
-25000,24000,20,-8.77601788822
-25000,24000,25,-6.13318247763
-25000,24000,30,-6.06606593554
-25000,24000,35,-4.83804970741
-13000,24000,5,-1.59427324686
-13000,24000,10,-0.00126543176451
-13000,24000,15,-6.98051050888
-13000,24000,20,-8.16641825496
-13000,24000,25,-6.38886683576
-13000,24000,30,-9.63379874874e-06
-13000,24000,35,-2.91749173381
-1000,24000,5,-1.95918830748
-1000,24000,10,-7.42037735798e-05
16000,11000,5,0.0
16000,11000,10,0.0
16000,11000,15,0.0
22000,11000,5,0.0
22000,11000,10,0.0
22000,11000,15,0.0
-26000,17000,5,-1.14997975968
-26000,17000,10,-0.000663356780255
-26000,17000,15,-4.97454208749e-06
-20000,17000,5,-1.16319814337
-20000,17000,10,-0.000197470583489
-20000,17000,15,-2.40928410274e-05
-14000,17000,5,-1.6049939678
-14000,17000,10,-2.67564813122e-05
-14000,17000,15,-6.29190474331
-8000,17000,5,-1.83177585268
-8000,17000,10,-1.48723594607e-06
-8000,17000,15,-5.93464969611
-2000,17000,5,-2.65457014611
-2000,17000,10,-1.86454332165e-06
-2000,17000,15,-5.43679090905e-07
4000,17000,5,-0.00661436724406
4000,17000,10,-9.34055925409e-06
4000,17000,15,-1.36798253634e-06
10000,17000,5,-1.84477010858e-06
10000,17000,10,-8.16260222575
10000,17000,15,0.0
16000,17000,5,-6.73988995056
16000,17000,10,-0.302602437151
16000,17000,15,0.0
-2000,-7000,5,0.0
-2000,-7000,10,0.0
-2000,-7000,15,0.0
4000,-7000,5,0.0
4000,-7000,10,0.0
4000,-7000,15,0.0
10000,-7000,5,0.0
10000,-7000,10,0.0
10000,-7000,15,0.0
16000,-7000,5,0.0
16000,-7000,10,0.0
16000,-7000,15,0.0
22000,-7000,5,0.0
22000,-7000,10,0.0
22000,-7000,15,0.0
-26000,-1000,5,-1.57371884914
-26000,-1000,10,-3.71254728686e-06
-26000,-1000,15,-7.32758941451
-20000,-1000,5,-2.62787953098
-20000,-1000,10,-2.95727944421e-07
-20000,-1000,15,-8.17030229065e-09
-14000,-1000,5,-4.15051785491
-14000,-1000,10,-3.79022910347e-08
-14000,-1000,15,-10.879495944
-8000,-1000,5,-5.57549101833
-8000,-1000,10,-9.57733021077
-8000,-1000,15,-9.48575853629
-2000,-1000,5,-8.55945201876
-2000,-1000,10,0.0
-2000,-1000,15,-1.80286620657
10000,5000,5,0.0
10000,5000,10,0.0
10000,5000,15,0.0
16000,5000,5,0.0
16000,5000,10,0.0
16000,5000,15,0.0
22000,5000,5,0.0
22000,5000,10,0.0
22000,5000,15,0.0
-26000,11000,5,-1.4271075146
-26000,11000,10,-0.000128336386396
-26000,11000,15,-7.65337543394e-07
-20000,11000,5,-2.05240114161
-20000,11000,10,-4.50846753343
-20000,11000,15,-6.65917244206e-07
-14000,11000,5,-2.67158797153
-14000,11000,10,-5.2465950859
-14000,11000,15,-7.41919026612
-8000,11000,5,-3.37769289096
-8000,11000,10,-6.80994123185
-8000,11000,15,-1.83660524786e-07
-2000,11000,5,-5.14387436538
-2000,11000,10,-7.28607310247
-2000,11000,15,-9.68405354313
4000,11000,5,-2.31768828032e-05
4000,11000,10,-4.64280999797e-07
4000,11000,15,-7.813342288e-08
10000,11000,5,-9.19553259009
10000,11000,10,-0.0371035801242
10000,11000,15,-1.13314033418e-07
22000,17000,5,0.0
22000,17000,10,0.0
22000,17000,15,0.0
-26000,23000,5,-1.16635908037
-26000,23000,10,-0.00629766062025
-26000,23000,15,-6.12661759225
-20000,23000,5,-1.16130417484
-20000,23000,10,-0.00355301615464
-20000,23000,15,-7.11359061076e-07
-14000,23000,5,-1.62888658371
-14000,23000,10,-0.00149270181423
-14000,23000,15,-7.35563948688
-8000,23000,5,-2.00219689801
-8000,23000,10,-0.000109084121147
-8000,23000,15,-7.38465495422
-2000,23000,5,-2.59016317933
-2000,23000,10,-0.00011032014439
-2000,23000,15,-8.17408509064
4000,23000,5,-0.0322980536518
4000,23000,10,-0.000262544380106
4000,23000,15,-5.83447647519e-08
10000,23000,5,-0.0030953742145
10000,23000,10,-1.75621874566e-06
10000,23000,15,-6.47648292935
16000,23000,5,-7.14275527411
16000,23000,10,-5.23981415665
16000,23000,15,-4.35528355117
22000,23000,5,-6.4166385353
22000,23000,10,-0.474072591898
22000,23000,15,-7.36694253307e-05
4000,-1000,5,0.0
4000,-1000,10,0.0
4000,-1000,15,0.0
10000,-1000,5,0.0
10000,-1000,10,0.0
10000,-1000,15,0.0
16000,-1000,5,0.0
16000,-1000,10,0.0
16000,-1000,15,0.0
22000,-1000,5,0.0
22000,-1000,10,0.0
22000,-1000,15,0.0
-26000,5000,5,-2.74868255111
-26000,5000,10,-6.72335476798
-26000,5000,15,-5.89922717857
-20000,5000,5,-3.66155070684
-20000,5000,10,-8.60268803403
-20000,5000,15,-6.96994852978
-14000,5000,5,-4.21638034786
-14000,5000,10,-10.8962476483
-14000,5000,15,-8.77900594599
-8000,5000,5,-5.63018058395
-8000,5000,10,-13.1161847802
-8000,5000,15,-9.24249540934
-2000,5000,5,-10.7737405526
-2000,5000,10,-15.1082553113
-2000,5000,15,-14.4835696353
4000,5000,5,-11.4280654664
4000,5000,10,-3.39483698005
4000,5000,15,0.0
-14000,-13000,15,0.0
-8000,-13000,5,0.0
-8000,-13000,10,0.0
-8000,-13000,15,0.0
-2000,-13000,5,0.0
-2000,-13000,10,0.0
-2000,-13000,15,0.0
4000,-13000,5,0.0
4000,-13000,10,0.0
4000,-13000,15,0.0
10000,-13000,5,0.0
10000,-13000,10,0.0
10000,-13000,15,0.0
16000,-13000,5,0.0
16000,-13000,10,0.0
16000,-13000,15,0.0
22000,-13000,5,0.0
22000,-13000,10,0.0
22000,-13000,15,0.0
-26000,-7000,5,-0.124720763707
-26000,-7000,10,-4.48138978029e-06
-26000,-7000,15,-3.27542261335e-07
-20000,-7000,5,-0.00489393523477
-20000,-7000,10,-3.46438744926e-08
-20000,-7000,15,-4.90943778307e-07
-14000,-7000,5,-1.73859068625e-05
-14000,-7000,10,-1.29973584805e-07
-14000,-7000,15,-9.69954848784e-10
-8000,-7000,5,-2.16009352508e-13
-8000,-7000,10,-0.00148592288984
-8000,-7000,15,0.0
-20000,-19000,10,0.0
-20000,-19000,15,0.0
-14000,-19000,5,0.0
-14000,-19000,10,0.0
-14000,-19000,15,0.0
-8000,-19000,5,0.0
-8000,-19000,10,0.0
-8000,-19000,15,0.0
-2000,-19000,5,0.0
-2000,-19000,10,0.0
-2000,-19000,15,0.0
4000,-19000,5,0.0
4000,-19000,10,0.0
4000,-19000,15,0.0
10000,-19000,5,0.0
10000,-19000,10,0.0
10000,-19000,15,0.0
16000,-19000,5,0.0
16000,-19000,10,0.0
16000,-19000,15,0.0
22000,-19000,5,0.0
22000,-19000,10,0.0
22000,-19000,15,0.0
-26000,-13000,5,-2.0997487494
-26000,-13000,10,-7.53708355543
-26000,-13000,15,-1.2920799184e-06
-20000,-13000,5,-5.18953091303
-20000,-13000,10,-4.66741364017
-20000,-13000,15,-3.9730291622e-14
-14000,-13000,5,-3.56836122046
-14000,-13000,10,0.0
-26000,-25000,5,-3.15532119747
-26000,-25000,10,0.0
-26000,-25000,15,0.0
-20000,-25000,5,0.0
-20000,-25000,10,0.0
-20000,-25000,15,0.0
-14000,-25000,5,0.0
-14000,-25000,10,0.0
-14000,-25000,15,0.0
-8000,-25000,5,0.0
-8000,-25000,10,0.0
-8000,-25000,15,0.0
-2000,-25000,5,0.0
-2000,-25000,10,0.0
-2000,-25000,15,0.0
4000,-25000,5,0.0
4000,-25000,10,0.0
4000,-25000,15,0.0
10000,-25000,5,0.0
10000,-25000,10,0.0
10000,-25000,15,0.0
16000,-25000,5,0.0
16000,-25000,10,0.0
16000,-25000,15,0.0
22000,-25000,5,0.0
22000,-25000,10,0.0
22000,-25000,15,0.0
-26000,-19000,5,-2.2112246629e-05
-26000,-19000,10,-9.81360891258e-08
-26000,-19000,15,0.0
-20000,-19000,5,-1.01518609715e-11
10000,14000,5,-2.96656001689e-09
10000,14000,10,-7.60056489274
10000,14000,15,-0.601463731494
10000,14000,20,-0.0109008898712
-14000,17000,5,-1.6049939678
-14000,17000,10,-2.67564813122e-05
-14000,17000,15,-6.29190474331
-14000,17000,20,-6.80038729647
-11000,17000,5,-1.72736534527
-11000,17000,10,-5.4457465522e-06
-11000,17000,15,-6.36874000662
-11000,17000,20,-9.23635462123
-8000,17000,5,-1.83177585268
-8000,17000,10,-1.48723594607e-06
-8000,17000,15,-5.93464969611
-8000,17000,20,-7.10659560437e-09
-5000,17000,5,-2.23385921458
-5000,17000,10,-9.33094271349e-07
-5000,17000,15,-6.1869407935e-07
-5000,17000,20,-9.99732813147
-2000,17000,5,-2.65457014611
-2000,17000,10,-1.86454332165e-06
-2000,17000,15,-5.43679090905e-07
-2000,17000,20,-10.5363624061
1000,17000,5,-2.18386367604
1000,17000,10,-5.30759691577e-08
1000,17000,15,-4.33676550032e-09
1000,17000,20,-4.773536679e-11
4000,17000,5,-0.00661436724406
4000,17000,10,-9.34055925409e-06
4000,17000,15,-1.36798253634e-06
4000,17000,20,-1.80148423684e-07
7000,17000,5,-0.000148237185008
7000,17000,10,-5.95487711422e-09
7000,17000,15,-1.59368238253e-06
7000,17000,20,-1.58805091042e-06
10000,17000,5,-1.84477010858e-06
10000,17000,10,-8.16260222575
10000,17000,15,0.0
10000,17000,20,0.0
-14000,-7000,5,-1.73859068625e-05
-14000,-7000,10,-1.29973584805e-07
-14000,-7000,15,-9.69954848784e-10
-14000,-7000,20,-7.35425286133e-06
-11000,-7000,5,-6.76836427702
-11000,-7000,10,-5.22183323139e-14
-11000,-7000,15,0.0
-11000,-7000,20,0.0
-8000,-7000,5,-2.16009352508e-13
-8000,-7000,10,-0.00148592288984
-8000,-7000,15,0.0
-8000,-7000,20,0.0
-5000,-7000,5,0.0
-5000,-7000,10,0.0
-5000,-7000,15,0.0
-5000,-7000,20,0.0
-2000,-7000,5,0.0
-2000,-7000,10,0.0
-2000,-7000,15,0.0
-2000,-7000,20,0.0
1000,-7000,5,0.0
1000,-7000,10,0.0
1000,-7000,15,0.0
1000,-7000,20,0.0
4000,-7000,5,0.0
4000,-7000,10,0.0
4000,-7000,15,0.0
4000,-7000,20,0.0
7000,-7000,5,0.0
7000,-7000,10,0.0
7000,-7000,15,0.0
7000,-7000,20,0.0
10000,-7000,5,0.0
10000,-7000,10,0.0
10000,-7000,15,0.0
10000,-7000,20,0.0
-14000,-4000,5,-0.00167334996139
-14000,-4000,10,-1.5004890246e-06
-14000,-4000,15,-7.72029094912e-10
-14000,-4000,20,0.0
-11000,-4000,5,-6.59765153695e-05
4000,8000,5,-6.33947090126
4000,8000,10,-8.1967834657e-16
4000,8000,15,-4.16290524038e-12
4000,8000,20,-3.05333357808e-09
7000,8000,5,-8.56051912813
7000,8000,10,-1.02227812591
7000,8000,15,0.0
7000,8000,20,0.0
10000,8000,5,0.0
10000,8000,10,0.0
10000,8000,15,0.0
10000,8000,20,0.0
-14000,11000,5,-2.67158797153
-14000,11000,10,-5.2465950859
-14000,11000,15,-7.41919026612
-14000,11000,20,-8.97435835826
-11000,11000,5,-3.04620161637
-11000,11000,10,-5.96048396882
-11000,11000,15,-7.29057913511
-11000,11000,20,-9.34928144305
-8000,11000,5,-3.37769289096
-8000,11000,10,-6.80994123185
-8000,11000,15,-1.83660524786e-07
-8000,11000,20,-10.0101409489
-5000,11000,5,-4.05835513373
-5000,11000,10,-7.10704451179
-5000,11000,15,-5.85283848953e-09
-5000,11000,20,-11.4865353645
-2000,11000,5,-5.14387436538
-2000,11000,10,-7.28607310247
-2000,11000,15,-9.68405354313
-2000,11000,20,-11.5555727962
1000,11000,5,-3.48489458711
1000,11000,10,-9.69245195526
1000,11000,15,-1.4373300889e-13
1000,11000,20,-9.57732898522
4000,11000,5,-2.31768828032e-05
4000,11000,10,-4.64280999797e-07
4000,11000,15,-7.813342288e-08
4000,11000,20,0.0
-8000,-1000,15,-9.48575853629
-8000,-1000,20,-1.52987177425e-11
-5000,-1000,5,-8.35637549814
-5000,-1000,10,-9.93978377753
-5000,-1000,15,-9.26913063173
-5000,-1000,20,-2.02508767976e-15
-2000,-1000,5,-8.55945201876
-2000,-1000,10,0.0
-2000,-1000,15,-1.80286620657
-2000,-1000,20,0.0
1000,-1000,5,0.0
1000,-1000,10,0.0
1000,-1000,15,0.0
1000,-1000,20,0.0
4000,-1000,5,0.0
4000,-1000,10,0.0
4000,-1000,15,0.0
4000,-1000,20,0.0
7000,-1000,5,0.0
7000,-1000,10,0.0
7000,-1000,15,0.0
7000,-1000,20,0.0
10000,-1000,5,0.0
10000,-1000,10,0.0
10000,-1000,15,0.0
10000,-1000,20,0.0
-14000,2000,5,-3.51258018102
-14000,2000,10,-9.13127754798
-14000,2000,15,-7.58303912653
-14000,2000,20,-9.90053312655e-11
-11000,2000,5,-4.85176089458
-11000,2000,10,-10.9197212677
-11000,2000,15,-7.43466857056
-11000,2000,20,-1.42181380282e-07
-8000,2000,5,-6.38718903447
-8000,2000,10,-12.8417394847
-8000,2000,15,-8.78099735772
-8000,2000,20,-3.66454164079e-09
-5000,2000,5,-8.40004791091
-5000,2000,10,-12.5234069725
-5000,2000,15,-9.11094785512
-5000,2000,20,-9.05111718803
-2000,2000,5,-11.0408710314
-2000,2000,10,-12.8893028862
-2000,2000,15,-12.631867756
-2000,2000,20,-8.80791200943
1000,2000,5,-11.1559856895
1000,2000,10,-8.20287265257
1000,2000,15,-2.58762441966
1000,2000,20,-0.239441065601
4000,2000,5,0.0
4000,2000,10,0.0
4000,2000,15,0.0
4000,2000,20,0.0
7000,2000,5,0.0
7000,2000,10,0.0
7000,2000,15,0.0
7000,2000,20,0.0
10000,2000,5,0.0
10000,2000,10,0.0
10000,2000,15,0.0
10000,2000,20,0.0
-14000,5000,5,-4.21638034786
-14000,5000,10,-10.8962476483
-14000,5000,15,-8.77900594599
-14000,5000,20,-8.21824422804
-11000,5000,5,-4.86260022086
-11000,5000,10,-11.666488111
-11000,5000,15,-8.48196574108
-11000,5000,20,-7.60976578055
-8000,5000,5,-5.63018058395
-8000,5000,10,-13.1161847802
-8000,5000,15,-9.24249540934
-8000,5000,20,-9.88029002591
-5000,5000,5,-7.37739669939
-5000,5000,10,-13.4697814625
-5000,5000,15,-9.91851235153
-5000,5000,20,-9.78296484834
-2000,5000,5,-10.7737405526
-2000,5000,10,-15.1082553113
-2000,5000,15,-14.4835696353
-2000,5000,20,-8.98443777809
1000,5000,5,-13.5712823399
1000,5000,10,-17.668862292
1000,5000,15,-10.1419743075
1000,5000,20,-5.77456658317
4000,5000,5,-11.4280654664
4000,5000,10,-3.39483698005
4000,5000,15,0.0
4000,5000,20,0.0
7000,5000,5,0.0
7000,5000,10,0.0
7000,5000,15,0.0
7000,5000,20,0.0
10000,5000,5,0.0
10000,5000,10,0.0
10000,5000,15,0.0
10000,5000,20,0.0
-14000,8000,5,-4.01270349515
-14000,8000,10,-7.7134608064
-14000,8000,15,-7.88169450574
-14000,8000,20,-8.79993310382
-11000,8000,5,-4.31727722545
-11000,8000,10,-8.57217471716
-11000,8000,15,-7.66522286348
-11000,8000,20,-7.26356273904
-8000,8000,5,-4.84454198152
-8000,8000,10,-9.87392652501
-8000,8000,15,-9.67146566641
-8000,8000,20,-10.3745991584
-5000,8000,5,-5.89360486997
-5000,8000,10,-9.63584556536
-5000,8000,15,-9.97599388004
-5000,8000,20,-10.2098439758
-2000,8000,5,-8.1119118258
-2000,8000,10,-10.1387441895
-2000,8000,15,-9.79140751871
-2000,8000,20,-8.43315239303
1000,8000,5,-6.85174564266
1000,8000,10,-17.4592911582
1000,8000,15,-10.6640790278
1000,8000,20,-9.24863778317
-11000,-4000,10,-3.86828055562e-08
-11000,-4000,15,-4.51262931631
-11000,-4000,20,-2.14900375921e-13
-8000,-4000,5,-3.43136037044e-05
-8000,-4000,10,-8.23172224992
-8000,-4000,15,-1.71058067359
-8000,-4000,20,0.0
-5000,-4000,5,-5.38250466037
-5000,-4000,10,-0.198813397712
-5000,-4000,15,0.0
-5000,-4000,20,0.0
-2000,-4000,5,0.0
-2000,-4000,10,0.0
-2000,-4000,15,0.0
-2000,-4000,20,0.0
1000,-4000,5,0.0
1000,-4000,10,0.0
1000,-4000,15,0.0
1000,-4000,20,0.0
4000,-4000,5,0.0
4000,-4000,10,0.0
4000,-4000,15,0.0
4000,-4000,20,0.0
7000,-4000,5,0.0
7000,-4000,10,0.0
7000,-4000,15,0.0
7000,-4000,20,0.0
10000,-4000,5,0.0
10000,-4000,10,0.0
10000,-4000,15,0.0
10000,-4000,20,0.0
-14000,-1000,5,-4.15051785491
-14000,-1000,10,-3.79022910347e-08
-14000,-1000,15,-10.879495944
-14000,-1000,20,-3.93734904594e-13
-11000,-1000,5,-5.05259634858
-11000,-1000,10,-1.02667861558e-09
-11000,-1000,15,-9.08354130831
-11000,-1000,20,-7.75142918448e-08
-8000,-1000,5,-5.57549101833
-8000,-1000,10,-9.57733021077
7000,11000,5,-7.5619801619
7000,11000,10,-1.53539158492e-10
7000,11000,15,0.0
7000,11000,20,0.0
10000,11000,5,-9.19553259009
10000,11000,10,-0.0371035801242
10000,11000,15,-1.13314033418e-07
10000,11000,20,-1.38694397877e-12
-14000,14000,5,-1.37407392418
-14000,14000,10,-3.34417987604e-05
-14000,14000,15,-7.14711614457
-14000,14000,20,-8.05568238949
-11000,14000,5,-1.76203675658
-11000,14000,10,-6.73801966193e-06
-11000,14000,15,-8.57414200626
-11000,14000,20,-9.49406437778
-8000,14000,5,-1.83426645995
-8000,14000,10,-8.77310189073e-07
-8000,14000,15,-8.04997671746
-8000,14000,20,-10.4160064939
-5000,14000,5,-2.57142193301
-5000,14000,10,-6.77009468899e-07
-5000,14000,15,-8.2760342025
-5000,14000,20,-9.81041768707
-2000,14000,5,-3.38773764012
-2000,14000,10,-4.89122291466e-07
-2000,14000,15,-9.42152418151
-2000,14000,20,-11.7942650098
1000,14000,5,-2.48384319737
1000,14000,10,-8.92204088425
1000,14000,15,-10.8259844421
1000,14000,20,-2.71940345568e-13
4000,14000,5,-0.00441340099247
4000,14000,10,-6.67362972865e-08
4000,14000,15,-2.69961035245e-07
4000,14000,20,-1.95348646913e-07
7000,14000,5,-2.20199156999e-05
7000,14000,10,-5.90409491398e-13
7000,14000,15,-2.96851865185e-07
7000,14000,20,-2.98362918152e-13
-5000,-1000,5,-8.35637549814
-5000,-1000,10,-9.93978377753
-5000,-1000,15,-9.26913063173
-5000,-1000,20,-2.02508767976e-15
-4000,-1000,5,-11.0409747126
-4000,-1000,10,-8.60662815867
-4000,-1000,15,-5.12375750159
-4000,-1000,20,-3.61622799957e-15
-3000,-1000,5,-10.3605637075
-3000,-1000,10,-3.37514613294e-16
-3000,-1000,15,-3.05177207218
-3000,-1000,20,0.0
-2000,-1000,5,-8.55945201876
-2000,-1000,10,0.0
-2000,-1000,15,-1.80286620657
-2000,-1000,20,0.0
-1000,-1000,5,0.0
-1000,-1000,10,0.0
-1000,-1000,15,0.0
-1000,-1000,20,0.0
0,-1000,5,0.0
0,-1000,10,0.0
0,-1000,15,0.0
0,-1000,20,0.0
1000,-1000,5,0.0
1000,-1000,10,0.0
1000,-1000,15,0.0
1000,-1000,20,0.0
2000,-1000,5,0.0
2000,-1000,10,0.0
2000,-1000,15,0.0
2000,-1000,20,0.0
3000,-1000,5,0.0
3000,-1000,10,0.0
3000,-1000,15,0.0
3000,-1000,20,0.0
4000,-1000,5,0.0
4000,-1000,10,0.0
4000,-1000,15,0.0
4000,-1000,20,0.0
5000,-1000,5,0.0
5000,-1000,10,0.0
5000,-1000,15,0.0
5000,-1000,20,0.0
6000,-1000,5,0.0
6000,-1000,10,0.0
6000,-1000,15,0.0
6000,-1000,20,0.0
7000,-1000,5,0.0
7000,-1000,10,0.0
7000,-1000,15,0.0
7000,-1000,20,0.0
-5000,0,5,-8.30888474831
-5000,0,10,-11.2693622518
-5000,0,15,-11.2261869008
-5000,0,20,-8.99250611881
-4000,0,5,-10.2357891761
-4000,0,10,-11.6479665169
-4000,0,15,-9.62538237331
-4000,0,20,-6.1020293951
-3000,0,5,-11.1570793216
-3000,0,10,-10.3746018322
-3000,0,15,-2.70459090447e-10
-3000,0,20,-8.98443777809
-2000,0,5,-10.8449421939
-2000,0,10,-9.85485415778
-2000,0,15,-8.84986758018
-2000,0,20,-5.32835991809
-1000,0,5,-12.3509154224
-1000,0,10,-12.0815063299
-1000,0,15,-8.11285785261
-1000,0,20,-5.73808485232
0,0,5,0.0
0,0,10,0.0
0,0,15,0.0
0,0,20,0.0
1000,0,5,0.0
1000,0,10,0.0
1000,0,15,0.0
1000,0,20,0.0
2000,0,5,0.0
2000,0,10,0.0
2000,0,15,0.0
2000,0,20,0.0
3000,0,5,0.0
0,10000,5,-3.52587233948
0,10000,10,-9.98345875465
0,10000,15,-1.32721257137e-10
0,10000,20,-9.67566024447
1000,10000,5,-3.79255438443
1000,10000,10,-11.2432196382
1000,10000,15,-2.02783119188e-10
1000,10000,20,-9.57941557484
2000,10000,5,-3.61541463836
2000,10000,10,-5.41767367831e-10
2000,10000,15,-1.88854758986e-10
2000,10000,20,-8.18783463221e-09
3000,10000,5,-4.09444049672
3000,10000,10,-2.69218088537e-09
3000,10000,15,-9.64327466553e-17
3000,10000,20,0.0
4000,10000,5,-3.54226120499e-05
4000,10000,10,-5.76442655183e-08
4000,10000,15,-1.32537432455e-07
4000,10000,20,-3.57232077402e-08
5000,10000,5,-1.04550006364e-06
5000,10000,10,-2.53035154736e-09
5000,10000,15,-3.1334134583e-08
5000,10000,20,-3.56801162625e-14
6000,10000,5,-6.75687902769e-07
6000,10000,10,-2.55510616364e-11
6000,10000,15,-4.82163733277e-17
6000,10000,20,0.0
7000,10000,5,-7.57392802887
7000,10000,10,-4.82163733277e-17
7000,10000,15,0.0
7000,10000,20,0.0
-5000,11000,5,-4.05835513373
-5000,11000,10,-7.10704451179
-5000,11000,15,-5.85283848953e-09
-5000,11000,20,-11.4865353645
-4000,11000,5,-4.22574396355
-4000,11000,10,-7.18373252151
-4000,11000,15,-9.22892880589e-09
-4000,11000,20,-8.92003018971
-3000,11000,5,-4.21237471536
-3000,11000,10,-7.4583753286
-3000,11000,15,-6.22174277793e-08
-3000,11000,20,-9.82944746232
-2000,11000,5,-5.14387436538
-2000,11000,10,-7.28607310247
-2000,11000,15,-9.68405354313
-2000,11000,20,-11.5555727962
-1000,11000,5,-4.75624105945
-1000,11000,10,-8.04522415308
-1000,11000,15,-9.31429810373
-1000,11000,20,-12.4106498881
0,11000,5,-3.41559252761
0,11000,10,-8.93611117075
0,11000,15,-2.629296698e-10
0,11000,20,-10.0593344064
1000,11000,5,-3.48489458711
1000,11000,10,-9.69245195526
1000,11000,15,-1.4373300889e-13
1000,11000,20,-9.57732898522
2000,11000,5,-2.76763743558
2000,11000,10,-1.22520345801e-09
2000,11000,15,-5.52892331315e-12
2000,11000,20,0.0
3000,11000,5,-0.000203416426558
3000,11000,10,-6.04929301776e-08
3000,11000,15,-1.29054223716e-09
3000,11000,20,0.0
4000,11000,5,-2.31768828032e-05
4000,11000,10,-4.64280999797e-07
4000,11000,15,-7.813342288e-08
4000,11000,20,0.0
5000,11000,5,-1.04130844664e-05
5000,11000,10,-4.16955502151e-09
5000,11000,15,-2.56073311876e-08
5000,11000,20,-9.64327466553e-17
6000,11000,5,-4.93247380512e-06
6000,11000,10,-5.37206679057e-08
6000,11000,15,-8.34316217068e-08
6000,11000,20,-6.75472817227e-12
7000,11000,5,-7.5619801619
7000,11000,10,-1.53539158492e-10
7000,11000,15,0.0
7000,11000,20,0.0
-3000,7000,5,-7.49676108114
-3000,7000,10,-11.164987348
-3000,7000,15,-9.18118483922
-3000,7000,20,-8.34179238506
-2000,7000,5,-8.85487669582
-2000,7000,10,-11.5624915673
-2000,7000,15,-12.1843784951
-2000,7000,20,-9.93765324831
-1000,7000,5,-8.22979794564
-1000,7000,10,-12.6028997971
-1000,7000,15,-10.5297785936
-1000,7000,20,-13.908246455
0,7000,5,-6.27444831991
0,7000,10,-15.2052807078
0,7000,15,-11.775633495
0,7000,20,-7.73577884692
1000,7000,5,-7.42285565749
1000,7000,10,-15.8078416324
1000,7000,15,-12.1772696179
1000,7000,20,-9.76609112573
2000,7000,5,-6.95768660068
2000,7000,10,-12.2128438448
2000,7000,15,0.0
2000,7000,20,-5.13120159706
3000,7000,5,-8.23367119855
3000,7000,10,-1.14437222621e-11
3000,7000,15,-7.71461973243e-16
3000,7000,20,0.0
4000,7000,5,-7.18822801147
4000,7000,10,-9.51116180263e-13
4000,7000,15,0.0
4000,7000,20,0.0
5000,7000,5,-3.87897798419e-09
5000,7000,10,-9.71113921208e-11
5000,7000,15,0.0
5000,7000,20,0.0
6000,7000,5,-9.36723342557e-09
6000,7000,10,0.0
6000,7000,15,0.0
6000,7000,20,-1.21131031446e-07
7000,7000,5,0.0
7000,7000,10,0.0
7000,7000,15,0.0
7000,7000,20,0.0
-5000,8000,5,-5.89360486997
-5000,8000,10,-9.63584556536
-5000,8000,15,-9.97599388004
-5000,8000,20,-10.2098439758
-4000,8000,5,-6.69750118998
-4000,8000,10,-10.2444134905
-4000,8000,15,-8.56234460545
-4000,8000,20,-8.78797059232
-3000,8000,5,-6.75446300347
-3000,8000,10,-10.453129328
-3000,8000,15,-1.95063654101e-09
-3000,8000,20,-9.73239015085
-2000,8000,5,-8.1119118258
-2000,8000,10,-10.1387441895
-2000,8000,15,-9.79140751871
-2000,8000,20,-8.43315239303
-1000,8000,5,-7.51416608763
-1000,8000,10,-11.8736262963
-1000,8000,15,-10.5869107904
-1000,8000,20,-11.1197677008
0,8000,5,-5.62627374816
0,8000,10,-14.8980550144
0,8000,15,-11.6595387967
0,8000,20,-1.55930329239e-09
1000,8000,5,-6.85174564266
1000,8000,10,-17.4592911582
1000,8000,15,-10.6640790278
1000,8000,20,-9.24863778317
2000,8000,5,-6.15377275433
2000,8000,10,-15.9412898049
2000,8000,15,-6.91888081576e-11
2000,8000,20,-9.64327466553e-17
3000,8000,5,-7.43196458568
3000,8000,10,-11.546364932
3000,8000,15,-5.86581111359e-12
3000,8000,20,0.0
4000,8000,5,-6.33947090126
4000,8000,10,-8.1967834657e-16
4000,8000,15,-4.16290524038e-12
4000,8000,20,-3.05333357808e-09
-2000,2000,15,-12.631867756
-2000,2000,20,-8.80791200943
-1000,2000,5,-11.9204461287
-1000,2000,10,-14.2560950915
-1000,2000,15,-8.52504519225
-1000,2000,20,-10.160259903
0,2000,5,-10.9622928603
0,2000,10,-10.7803915215
0,2000,15,-4.55994736611
0,2000,20,-2.09838649087
1000,2000,5,-11.1559856895
1000,2000,10,-8.20287265257
1000,2000,15,-2.58762441966
1000,2000,20,-0.239441065601
2000,2000,5,0.0
2000,2000,10,0.0
2000,2000,15,0.0
2000,2000,20,0.0
3000,2000,5,0.0
3000,2000,10,0.0
3000,2000,15,0.0
3000,2000,20,0.0
4000,2000,5,0.0
4000,2000,10,0.0
4000,2000,15,0.0
4000,2000,20,0.0
5000,2000,5,0.0
5000,2000,10,0.0
5000,2000,15,0.0
5000,2000,20,0.0
6000,2000,5,0.0
6000,2000,10,0.0
6000,2000,15,0.0
6000,2000,20,0.0
7000,2000,5,0.0
7000,2000,10,0.0
7000,2000,15,0.0
7000,2000,20,0.0
-5000,3000,5,-9.05921799584
-5000,3000,10,-12.4753623601
-5000,3000,15,-8.95622902286
-5000,3000,20,-9.04909273427
-4000,3000,5,-10.0101435209
-4000,3000,10,-13.6503238886
-4000,3000,15,-11.0431183181
-4000,3000,20,-10.2444128312
-3000,3000,5,-10.6111389774
-3000,3000,10,-13.728445143
-3000,3000,15,-6.82122723534e-10
-3000,3000,20,-1.04822395614e-13
-2000,3000,5,-11.571719751
-2000,3000,10,-13.494783588
-2000,3000,15,-9.47538243539
-2000,3000,20,-9.68615247277
-1000,3000,5,-12.302024069
-1000,3000,10,-15.2186050991
-1000,3000,15,-9.01875492066
-1000,3000,20,-9.63793831265
0,3000,5,-11.8736433101
0,3000,10,-15.1840033682
0,3000,15,-8.08424276349
0,3000,20,-3.54149262092e-13
1000,3000,5,-16.8412995119
1000,3000,10,-14.1302519432
1000,3000,15,-7.21865506273
1000,3000,20,-5.16103852966
2000,3000,5,-13.0474284266
2000,3000,10,-7.15158098555
2000,3000,15,-1.35493158993
2000,3000,20,0.0
3000,3000,5,0.0
3000,3000,10,0.0
3000,3000,15,0.0
3000,3000,20,0.0
4000,3000,5,0.0
4000,3000,10,0.0
4000,3000,15,0.0
4000,3000,20,0.0
5000,3000,5,0.0
5000,3000,10,0.0
5000,3000,15,0.0
5000,3000,20,0.0
6000,3000,5,0.0
6000,3000,10,0.0
6000,3000,15,0.0
6000,3000,20,0.0
7000,3000,5,0.0
7000,3000,10,0.0
7000,3000,15,0.0
7000,3000,20,0.0
-5000,4000,5,-8.75213910471
-5000,4000,10,-11.4842408653
-5000,4000,15,-9.21385642361
-5000,4000,20,-10.1688740143
-4000,4000,5,-9.89621561756
-4000,4000,10,-12.1583235683
-4000,4000,15,-10.4553145315
-4000,4000,20,-9.64840876289
-3000,4000,5,-10.5671266244
-3000,4000,10,-14.0151917883
-3000,4000,15,-2.20816573201e-10
-3000,4000,20,-9.64003191876
-2000,4000,5,-11.9356841007
-2000,4000,10,-13.5022881777
-2000,4000,15,-11.7128669269
-2000,4000,20,-8.99250611881
-1000,4000,5,-13.2967515698
-1000,4000,10,-15.3507597938
-1000,4000,15,-12.4777591402
-1000,4000,20,-10.7881642984
0,4000,5,-13.3402048318
0,4000,10,-17.4263951089
0,4000,15,-12.004941129
0,4000,20,-1.76819084268e-12
1000,4000,5,-15.9304688163
1000,4000,10,-14.6972421951
1000,4000,15,-10.5847103677
1000,4000,20,-8.15492471736
2000,4000,5,-13.616518019
2000,4000,10,-13.71835273
2000,4000,15,-9.31018945743
2000,4000,20,-2.27838476909
3000,4000,5,-1.44649119983e-16
3000,4000,10,0.0
3000,4000,15,-1.31883736048
3000,4000,20,0.0
4000,4000,5,0.0
4000,4000,10,0.0
4000,4000,15,0.0
4000,4000,20,0.0
5000,4000,5,0.0
5000,4000,10,0.0
5000,4000,15,0.0
5000,4000,20,0.0
6000,4000,5,0.0
6000,4000,10,0.0
6000,4000,15,0.0
6000,4000,20,0.0
7000,4000,5,0.0
7000,4000,10,0.0
7000,4000,15,0.0
7000,4000,20,0.0
-5000,5000,5,-7.37739669939
-5000,5000,10,-13.4697814625
-5000,5000,15,-9.91851235153
-5000,5000,20,-9.78296484834
-4000,5000,5,-8.27315257428
-4000,5000,10,-13.3501230064
-4000,5000,15,-9.43807853846
-4000,5000,20,-9.86968582416
-3000,5000,5,-8.74619273352
-3000,5000,10,-14.4109863548
-3000,5000,15,-9.42359262967
-3000,5000,20,-8.60367161244
-2000,5000,5,-10.7737405526
-2000,5000,10,-15.1082553113
-2000,5000,15,-14.4835696353
-2000,5000,20,-8.98443777809
-1000,5000,5,-12.1832180444
-1000,5000,10,-14.7103188902
-1000,5000,15,-12.372387347
-1000,5000,20,-9.77452605071
0,5000,5,-11.1774685565
0,5000,10,-17.7553620233
0,5000,15,-11.6202079658
0,5000,20,-5.37672228187e-07
1000,5000,5,-13.5712823399
1000,5000,10,-17.668862292
1000,5000,15,-10.1419743075
1000,5000,20,-5.77456658317
2000,5000,5,-13.4275270881
2000,5000,10,-13.0817155884
2000,5000,15,-11.4131511597
2000,5000,20,-5.50170411158
3000,5000,5,-13.4199499467
3000,5000,10,-12.77482349
3000,5000,15,0.0
3000,5000,20,0.0
4000,5000,5,-11.4280654664
4000,5000,10,-3.39483698005
4000,5000,15,0.0
4000,5000,20,0.0
5000,5000,5,0.0
5000,5000,10,0.0
5000,5000,15,0.0
5000,5000,20,0.0
6000,5000,5,0.0
6000,5000,10,0.0
6000,5000,15,0.0
6000,5000,20,0.0
7000,5000,5,0.0
7000,5000,10,0.0
7000,5000,15,0.0
7000,5000,20,0.0
-5000,6000,5,-6.30856655673
-5000,6000,10,-11.7360931538
-5000,6000,15,-10.1365910819
-5000,6000,20,-8.17216750528
-4000,6000,5,-7.18821058974
-4000,6000,10,-11.5348386165
-4000,6000,15,-8.76805331926
-4000,6000,20,-9.67775820615
-3000,6000,5,-7.80295310439
-3000,6000,10,-12.581191044
-3000,6000,15,-9.42359262967
-3000,6000,20,-5.4374426149e-09
-2000,6000,5,-9.39982788178
-2000,6000,10,-12.8307756147
-2000,6000,15,-11.2057666625
-2000,6000,20,-11.7430657591
-1000,6000,5,-9.82100625715
-1000,6000,10,-14.6893913315
-1000,6000,15,-10.6662874909
-1000,6000,20,-10.3942022531
0,6000,5,-8.93814312115
0,6000,10,-17.7063153035
0,6000,15,-11.2579889363
0,6000,20,-4.95182154075e-14
1000,6000,5,-10.5561793823
1000,6000,10,-18.5098496395
1000,6000,15,-10.9309089183
1000,6000,20,-5.22925410024e-09
2000,6000,5,-9.67678480025
2000,6000,10,-15.6047280029
2000,6000,15,-12.09212657
2000,6000,20,0.0
3000,6000,5,-12.2592189787
3000,6000,10,-15.3761933777
3000,6000,15,0.0
3000,6000,20,0.0
4000,6000,5,-9.77143139513
4000,6000,10,-9.02482559999
4000,6000,15,0.0
4000,6000,20,0.0
5000,6000,5,-14.6660206188
5000,6000,10,-5.57937827689
5000,6000,15,0.0
5000,6000,20,0.0
6000,6000,5,0.0
6000,6000,10,0.0
6000,6000,15,0.0
6000,6000,20,0.0
7000,6000,5,0.0
7000,6000,10,0.0
7000,6000,15,0.0
7000,6000,20,0.0
-5000,7000,5,-6.1233373287
-5000,7000,10,-11.2966712758
-5000,7000,15,-9.41325280723
-5000,7000,20,-9.82521692891
-4000,7000,5,-7.01225608295
-4000,7000,10,-11.5509642514
-4000,7000,15,-9.54189397614
-4000,7000,20,-8.44095231227
3000,0,10,0.0
3000,0,15,0.0
3000,0,20,0.0
4000,0,5,0.0
4000,0,10,0.0
4000,0,15,0.0
4000,0,20,0.0
5000,0,5,0.0
5000,0,10,0.0
5000,0,15,0.0
5000,0,20,0.0
6000,0,5,0.0
6000,0,10,0.0
6000,0,15,0.0
6000,0,20,0.0
7000,0,5,0.0
7000,0,10,0.0
7000,0,15,0.0
7000,0,20,0.0
-5000,1000,5,-8.82388588935
-5000,1000,10,-11.7907719514
-5000,1000,15,-13.7271814585
-5000,1000,20,-9.09368653141
-4000,1000,5,-11.1468975196
-4000,1000,10,-11.4234445347
-4000,1000,15,-10.3148231046
-4000,1000,20,-9.33486772497
-3000,1000,5,-12.7359749302
-3000,1000,10,-13.3339632626
-3000,1000,15,-8.76208284522
-3000,1000,20,-7.6856108936
-2000,1000,5,-13.1063391889
-2000,1000,10,-13.3613180317
-2000,1000,15,-11.0633805599
-2000,1000,20,-8.46632870254
-1000,1000,5,-13.5323498081
-1000,1000,10,-13.2582726513
-1000,1000,15,-9.53772974795
-1000,1000,20,-8.91601292784
0,1000,5,-12.9504475276
0,1000,10,-6.35785448133
0,1000,15,-4.88794195901
0,1000,20,-0.0381694682464
1000,1000,5,0.0
1000,1000,10,0.0
1000,1000,15,0.0
1000,1000,20,0.0
2000,1000,5,0.0
2000,1000,10,0.0
2000,1000,15,0.0
2000,1000,20,0.0
3000,1000,5,0.0
3000,1000,10,0.0
3000,1000,15,0.0
3000,1000,20,0.0
4000,1000,5,0.0
4000,1000,10,0.0
4000,1000,15,0.0
4000,1000,20,0.0
5000,1000,5,0.0
5000,1000,10,0.0
5000,1000,15,0.0
5000,1000,20,0.0
6000,1000,5,0.0
6000,1000,10,0.0
6000,1000,15,0.0
6000,1000,20,0.0
7000,1000,5,0.0
7000,1000,10,0.0
7000,1000,15,0.0
7000,1000,20,0.0
-5000,2000,5,-8.40004791091
-5000,2000,10,-12.5234069725
-5000,2000,15,-9.11094785512
-5000,2000,20,-9.05111718803
-4000,2000,5,-9.59194387591
-4000,2000,10,-14.1225605108
-4000,2000,15,-8.35245645617
-4000,2000,20,-9.5627296319
-3000,2000,5,-10.2985561467
-3000,2000,10,-12.9430752475
-3000,2000,15,-8.09186815334
-3000,2000,20,-8.43315239303
-2000,2000,5,-11.0408710314
-2000,2000,10,-12.8893028862
5000,8000,5,-8.81344629916e-10
5000,8000,10,-3.00132459054e-12
5000,8000,15,-2.46943536667e-09
5000,8000,20,0.0
6000,8000,5,-1.00083441173e-07
6000,8000,10,0.0
6000,8000,15,0.0
6000,8000,20,0.0
7000,8000,5,-8.56051912813
7000,8000,10,-1.02227812591
7000,8000,15,0.0
7000,8000,20,0.0
-5000,9000,5,-5.13343851629
-5000,9000,10,-8.2528924922
-5000,9000,15,-3.13514157604e-09
-5000,9000,20,-10.6552441572
-4000,9000,5,-6.0001664061
-4000,9000,10,-8.69258840256
-4000,9000,15,-1.8405620318e-09
-4000,9000,20,-9.24658988702
-3000,9000,5,-6.11268203796
-3000,9000,10,-8.48392138948
-3000,9000,15,-2.08127072557e-08
-3000,9000,20,-9.16487225004
-2000,9000,5,-7.37649319324
-2000,9000,10,-8.8039223533
-2000,9000,15,-9.84849684532
-2000,9000,20,-10.0614761865
-1000,9000,5,-6.62880638963
-1000,9000,10,-9.75133995027
-1000,9000,15,-9.52108251139
-1000,9000,20,-12.6487838326
0,9000,5,-5.02237149897
0,9000,10,-11.5221781618
0,9000,15,-4.36974383888e-11
0,9000,20,-7.16398874903e-13
1000,9000,5,-5.5195335409
1000,9000,10,-13.101405816
1000,9000,15,-10.8170794424
1000,9000,20,-9.10586877326
2000,9000,5,-5.0363928619
2000,9000,10,-11.8035904405
2000,9000,15,-4.82163733277e-16
2000,9000,20,0.0
3000,9000,5,-5.97344488171
3000,9000,10,-2.86149132285e-10
3000,9000,15,-1.32403029073e-10
3000,9000,20,0.0
4000,9000,5,-3.23257169354e-06
4000,9000,10,-1.68095970903e-10
4000,9000,15,-4.49803975654e-07
4000,9000,20,0.0
5000,9000,5,-2.10885312237e-09
5000,9000,10,-4.82163733277e-17
5000,9000,15,0.0
5000,9000,20,0.0
6000,9000,5,-8.50157341869
6000,9000,10,-2.66033502402e-10
6000,9000,15,0.0
6000,9000,20,0.0
7000,9000,5,-8.05009016575
7000,9000,10,0.0
7000,9000,15,0.0
7000,9000,20,0.0
-5000,10000,5,-4.15051666273
-5000,10000,10,-7.77305387886
-5000,10000,15,-3.08237039161e-08
-5000,10000,20,-11.7430657591
-4000,10000,5,-4.49945993647
-4000,10000,10,-7.82165471255
-4000,10000,15,-1.42181380282e-07
-4000,10000,20,-11.3651033546
-3000,10000,5,-4.60122760279
-3000,10000,10,-7.65411412683
-3000,10000,15,-1.03059647432e-06
-3000,10000,20,-8.9662981432
-2000,10000,5,-5.69305860795
-2000,10000,10,-8.08996195372
-2000,10000,15,-3.17684010854e-09
-2000,10000,20,-13.0092287326
-1000,10000,5,-5.0821830081
-1000,10000,10,-8.57414200626
-1000,10000,15,-8.8518681207
-1000,10000,20,-12.2817633022
-2000,3000,5,-11.571719751
-2000,3000,10,-13.494783588
-2000,3000,15,-9.47538243539
-2000,3000,20,-9.68615247277
-1000,3000,5,-12.302024069
-1000,3000,10,-15.2186050991
-1000,3000,15,-9.01875492066
-1000,3000,20,-9.63793831265
0,3000,5,-11.8736433101
0,3000,10,-15.1840033682
0,3000,15,-8.08424276349
0,3000,20,-3.54149262092e-13
1000,3000,5,-16.8412995119
1000,3000,10,-14.1302519432
1000,3000,15,-7.21865506273
1000,3000,20,-5.16103852966
2000,3000,5,-13.0474284266
2000,3000,10,-7.15158098555
2000,3000,15,-1.35493158993
2000,3000,20,0.0
3000,3000,5,0.0
3000,3000,10,0.0
3000,3000,15,0.0
3000,3000,20,0.0
4000,3000,5,0.0
4000,3000,10,0.0
4000,3000,15,0.0
4000,3000,20,0.0
-2000,4000,5,-11.9356841007
-2000,4000,10,-13.5022881777
-2000,4000,15,-11.7128669269
-2000,4000,20,-8.99250611881
-1000,4000,5,-13.2967515698
-1000,4000,10,-15.3507597938
-1000,4000,15,-12.4777591402
-1000,4000,20,-10.7881642984
0,4000,5,-13.3402048318
0,4000,10,-17.4263951089
0,4000,15,-12.004941129
0,4000,20,-1.76819084268e-12
1000,4000,5,-15.9304688163
1000,4000,10,-14.6972421951
1000,4000,15,-10.5847103677
1000,4000,20,-8.15492471736
2000,4000,5,-13.616518019
2000,4000,10,-13.71835273
2000,4000,15,-9.31018945743
2000,4000,20,-2.27838476909
3000,4000,5,-1.44649119983e-16
3000,4000,10,0.0
3000,4000,15,-1.31883736048
3000,4000,20,0.0
4000,4000,5,0.0
4000,4000,10,0.0
4000,4000,15,0.0
4000,4000,20,0.0
-2000,5000,5,-10.7737405526
-2000,5000,10,-15.1082553113
-2000,5000,15,-14.4835696353
-2000,5000,20,-8.98443777809
-1000,5000,5,-12.1832180444
-1000,5000,10,-14.7103188902
-1000,5000,15,-12.372387347
-1000,5000,20,-9.77452605071
0,5000,5,-11.1774685565
0,5000,10,-17.7553620233
0,5000,15,-11.6202079658
0,5000,20,-5.37672228187e-07
1000,5000,5,-13.5712823399
1000,5000,10,-17.668862292
1000,5000,15,-10.1419743075
1000,5000,20,-5.77456658317
2000,5000,5,-13.4275270881
2000,5000,10,-13.0817155884
2000,5000,15,-11.4131511597
2000,5000,20,-5.50170411158
3000,5000,5,-13.4199499467
3000,5000,10,-12.77482349
3000,5000,15,0.0
3000,5000,20,0.0
4000,5000,5,-11.4280654664
4000,5000,10,-3.39483698005
4000,5000,15,0.0
4000,5000,20,0.0
-2000,6000,5,-9.39982788178
-2000,6000,10,-12.8307756147
-2000,6000,15,-11.2057666625
-2000,6000,20,-11.7430657591
-1000,6000,5,-9.82100625715
-1000,6000,10,-14.6893913315
-1000,6000,15,-10.6662874909
-1000,6000,20,-10.3942022531
0,6000,5,-8.93814312115
0,6000,10,-17.7063153035
0,6000,15,-11.2579889363
0,6000,20,-4.95182154075e-14
1000,6000,5,-10.5561793823
1000,6000,10,-18.5098496395
1000,6000,15,-10.9309089183
1000,6000,20,-5.22925410024e-09
2000,6000,5,-9.67678480025
2000,6000,10,-15.6047280029
2000,6000,15,-12.09212657
2000,6000,20,0.0
3000,6000,5,-12.2592189787
3000,6000,10,-15.3761933777
3000,6000,15,0.0
3000,6000,20,0.0
4000,6000,5,-9.77143139513
4000,6000,10,-9.02482559999
4000,6000,15,0.0
4000,6000,20,0.0
-2000,7000,5,-8.85487669582
-2000,7000,10,-11.5624915673
-2000,7000,15,-12.1843784951
-2000,7000,20,-9.93765324831
-1000,7000,5,-8.22979794564
-1000,7000,10,-12.6028997971
-1000,7000,15,-10.5297785936
-1000,7000,20,-13.908246455
0,7000,5,-6.27444831991
0,7000,10,-15.2052807078
0,7000,15,-11.775633495
0,7000,20,-7.73577884692
1000,7000,5,-7.42285565749
1000,7000,10,-15.8078416324
1000,7000,15,-12.1772696179
1000,7000,20,-9.76609112573
2000,7000,5,-6.95768660068
2000,7000,10,-12.2128438448
2000,7000,15,0.0
2000,7000,20,-5.13120159706
3000,7000,5,-8.23367119855
3000,7000,10,-1.14437222621e-11
3000,7000,15,-7.71461973243e-16
3000,7000,20,0.0
4000,7000,5,-7.18822801147
4000,7000,10,-9.51116180263e-13
4000,7000,15,0.0
4000,7000,20,0.0
-2000,8000,5,-8.1119118258
-2000,8000,10,-10.1387441895
-2000,8000,15,-9.79140751871
-2000,8000,20,-8.43315239303
-1000,8000,5,-7.51416608763
-1000,8000,10,-11.8736262963
-1000,8000,15,-10.5869107904
-1000,8000,20,-11.1197677008
0,8000,5,-5.62627374816
0,8000,10,-14.8980550144
0,8000,15,-11.6595387967
0,8000,20,-1.55930329239e-09
1000,8000,5,-6.85174564266
1000,8000,10,-17.4592911582
1000,8000,15,-10.6640790278
1000,8000,20,-9.24863778317
2000,8000,5,-6.15377275433
2000,8000,10,-15.9412898049
2000,8000,15,-6.91888081576e-11
2000,8000,20,-9.64327466553e-17
3000,8000,5,-7.43196458568
3000,8000,10,-11.546364932
3000,8000,15,-5.86581111359e-12
3000,8000,20,0.0
4000,8000,5,-6.33947090126
4000,8000,10,-8.1967834657e-16
4000,8000,15,-4.16290524038e-12
4000,8000,20,-3.05333357808e-09
-2000,9000,5,-7.37649319324
-2000,9000,10,-8.8039223533
-2000,9000,15,-9.84849684532
-2000,9000,20,-10.0614761865
-1000,9000,5,-6.62880638963
-1000,9000,10,-9.75133995027
-1000,9000,15,-9.52108251139
-1000,9000,20,-12.6487838326
0,9000,5,-5.02237149897
0,9000,10,-11.5221781618
0,9000,15,-4.36974383888e-11
0,9000,20,-7.16398874903e-13
1000,9000,5,-5.5195335409
1000,9000,10,-13.101405816
1000,9000,15,-10.8170794424
1000,9000,20,-9.10586877326
2000,9000,5,-5.0363928619
2000,9000,10,-11.8035904405
2000,9000,15,-4.82163733277e-16
2000,9000,20,0.0
3000,9000,5,-5.97344488171
3000,9000,10,-2.86149132285e-10
3000,9000,15,-1.32403029073e-10
3000,9000,20,0.0
4000,9000,5,-3.23257169354e-06
4000,9000,10,-1.68095970903e-10
4000,9000,15,-4.49803975654e-07
4000,9000,20,0.0
5000,9000,5,-2.10885312237e-09
5000,9000,10,-4.82163733277e-17
5000,9000,15,0.0
5000,9000,20,0.0
5000,9000,25,-0.340069590681
5000,9000,30,-1.1398581757e-06
-3000,10000,5,-4.60122760279
-3000,10000,10,-7.65411412683
-3000,10000,15,-1.03059647432e-06
-3000,10000,20,-8.9662981432
-3000,10000,25,-9.78507515286
-3000,10000,30,-5.31164785913
-2000,10000,5,-5.69305860795
-2000,10000,10,-8.08996195372
-2000,10000,15,-3.17684010854e-09
-2000,10000,20,-13.0092287326
-2000,10000,25,-10.3550150271
-2000,10000,30,-6.74840214999
-1000,10000,5,-5.0821830081
-1000,10000,10,-8.57414200626
-1000,10000,15,-8.8518681207
-1000,10000,20,-12.2817633022
-1000,10000,25,-8.68466439479
-1000,10000,30,-6.54772223509
0,10000,5,-3.52587233948
0,10000,10,-9.98345875465
0,10000,15,-1.32721257137e-10
0,10000,20,-9.67566024447
0,10000,25,-9.38846190027
0,10000,30,-3.76990580271
1000,10000,5,-3.79255438443
1000,10000,10,-11.2432196382
1000,10000,15,-2.02783119188e-10
1000,10000,20,-9.57941557484
1000,10000,25,-7.90050700244
1000,10000,30,-6.87876851656
2000,10000,5,-3.61541463836
2000,10000,10,-5.41767367831e-10
2000,10000,15,-1.88854758986e-10
2000,10000,20,-8.18783463221e-09
2000,10000,25,-3.24461904778
2000,10000,30,-0.480870932482
3000,10000,5,-4.09444049672
3000,10000,10,-2.69218088537e-09
3000,10000,15,-9.64327466553e-17
3000,10000,20,0.0
3000,10000,25,-1.08466790224
3000,10000,30,-0.0674755315271
4000,10000,5,-3.54226120499e-05
4000,10000,10,-5.76442655183e-08
4000,10000,15,-1.32537432455e-07
4000,10000,20,-3.57232077402e-08
4000,10000,25,-2.55426779753
4000,10000,30,-0.214461301876
5000,10000,5,-1.04550006364e-06
5000,10000,10,-2.53035154736e-09
5000,10000,15,-3.1334134583e-08
5000,10000,20,-3.56801162625e-14
5000,10000,25,-0.0574353211667
5000,10000,30,-0.0019627923392
-3000,2000,5,-10.2985561467
-3000,2000,10,-12.9430752475
-3000,2000,15,-8.09186815334
-3000,2000,20,-8.43315239303
-3000,2000,25,-6.95236327267
-3000,2000,30,-2.60388683263
-2000,2000,5,-11.0408710314
-2000,2000,10,-12.8893028862
-2000,2000,15,-12.631867756
-2000,2000,20,-8.80791200943
-2000,2000,25,-4.38459311749
-2000,2000,30,-0.697220941106
-1000,2000,5,-11.9204461287
-1000,2000,10,-14.2560950915
-1000,2000,15,-8.52504519225
-1000,2000,20,-10.160259903
-1000,2000,25,-3.73983807189
-1000,2000,30,-0.539533446388
0,2000,5,-10.9622928603
0,2000,10,-10.7803915215
0,2000,15,-4.55994736611
0,2000,20,-2.09838649087
0,2000,25,0.0
0,2000,30,0.0
1000,2000,5,-11.1559856895
1000,2000,10,-8.20287265257
1000,2000,15,-2.58762441966
1000,2000,20,-0.239441065601
1000,2000,25,-0.0122120923739
1000,2000,30,0.0
2000,2000,5,0.0
2000,2000,10,0.0
2000,2000,15,0.0
2000,2000,20,0.0
2000,2000,25,0.0
2000,2000,30,0.0
3000,2000,5,0.0
3000,2000,10,0.0
3000,2000,15,0.0
3000,2000,20,0.0
3000,2000,25,0.0
3000,2000,30,0.0
4000,2000,5,0.0
4000,2000,10,0.0
4000,2000,15,0.0
4000,2000,20,0.0
4000,2000,25,0.0
4000,2000,30,0.0
5000,2000,5,0.0
5000,2000,10,0.0
5000,2000,15,0.0
5000,2000,20,0.0
5000,2000,25,0.0
5000,2000,30,0.0
-3000,3000,5,-10.6111389774
-3000,3000,10,-13.728445143
-3000,3000,15,-6.82122723534e-10
-3000,3000,20,-1.04822395614e-13
-3000,3000,25,-8.49566034571
-3000,3000,30,-1.10597350345
-2000,3000,5,-11.571719751
4000,8000,5,-6.33947090126
4000,8000,10,-8.1967834657e-16
4000,8000,15,-4.16290524038e-12
4000,8000,20,-3.05333357808e-09
4000,8000,25,-0.310550040346
4000,8000,30,0.0
5000,8000,5,-8.81344629916e-10
5000,8000,10,-3.00132459054e-12
5000,8000,15,-2.46943536667e-09
5000,8000,20,0.0
5000,8000,25,-0.000232635704669
5000,8000,30,0.0
-3000,9000,5,-6.11268203796
-3000,9000,10,-8.48392138948
-3000,9000,15,-2.08127072557e-08
-3000,9000,20,-9.16487225004
-3000,9000,25,-8.85987269764
-3000,9000,30,-6.6125407811
-2000,9000,5,-7.37649319324
-2000,9000,10,-8.8039223533
-2000,9000,15,-9.84849684532
-2000,9000,20,-10.0614761865
-2000,9000,25,-8.24325962052
-2000,9000,30,-5.24357973836
-1000,9000,5,-6.62880638963
-1000,9000,10,-9.75133995027
-1000,9000,15,-9.52108251139
-1000,9000,20,-12.6487838326
-1000,9000,25,-8.3689502981
-1000,9000,30,-2.9578534069
0,9000,5,-5.02237149897
0,9000,10,-11.5221781618
0,9000,15,-4.36974383888e-11
0,9000,20,-7.16398874903e-13
0,9000,25,-6.25035829717
0,9000,30,-1.81027388678
1000,9000,5,-5.5195335409
1000,9000,10,-13.101405816
1000,9000,15,-10.8170794424
1000,9000,20,-9.10586877326
1000,9000,25,-9.62956630783
1000,9000,30,-3.18149519418
2000,9000,5,-5.0363928619
2000,9000,10,-11.8035904405
2000,9000,15,-4.82163733277e-16
2000,9000,20,0.0
2000,9000,25,-2.38152293307
2000,9000,30,-0.305764372226
3000,9000,5,-5.97344488171
3000,9000,10,-2.86149132285e-10
3000,9000,15,-1.32403029073e-10
3000,9000,20,0.0
3000,9000,25,-0.979107906302
3000,9000,30,-0.51245180172
4000,9000,5,-3.23257169354e-06
4000,9000,10,-1.68095970903e-10
4000,9000,15,-4.49803975654e-07
4000,9000,20,0.0
4000,9000,25,-0.0664396719218
4000,9000,30,-0.000488572016672
-2000,3000,10,-13.494783588
-2000,3000,15,-9.47538243539
-2000,3000,20,-9.68615247277
-2000,3000,25,-8.0290744689
-2000,3000,30,-4.63847847559
-1000,3000,5,-12.302024069
-1000,3000,10,-15.2186050991
-1000,3000,15,-9.01875492066
-1000,3000,20,-9.63793831265
-1000,3000,25,-7.76745656
-1000,3000,30,-3.51861673872
0,3000,5,-11.8736433101
0,3000,10,-15.1840033682
0,3000,15,-8.08424276349
0,3000,20,-3.54149262092e-13
0,3000,25,-1.10474915909
0,3000,30,0.0
1000,3000,5,-16.8412995119
1000,3000,10,-14.1302519432
1000,3000,15,-7.21865506273
1000,3000,20,-5.16103852966
1000,3000,25,-0.934882097927
1000,3000,30,-0.0323223020077
2000,3000,5,-13.0474284266
2000,3000,10,-7.15158098555
2000,3000,15,-1.35493158993
2000,3000,20,0.0
2000,3000,25,-0.000340729158148
2000,3000,30,0.0
3000,3000,5,0.0
3000,3000,10,0.0
3000,3000,15,0.0
3000,3000,20,0.0
3000,3000,25,0.0
3000,3000,30,0.0
4000,3000,5,0.0
4000,3000,10,0.0
4000,3000,15,0.0
4000,3000,20,0.0
4000,3000,25,0.0
4000,3000,30,0.0
5000,3000,5,0.0
5000,3000,10,0.0
5000,3000,15,0.0
5000,3000,20,0.0
5000,3000,25,0.0
5000,3000,30,0.0
-3000,4000,5,-10.5671266244
-3000,4000,10,-14.0151917883
-3000,4000,15,-2.20816573201e-10
-3000,4000,20,-9.64003191876
-3000,4000,25,-9.19751348316
-3000,4000,30,-4.69218943016
-2000,4000,5,-11.9356841007
-2000,4000,10,-13.5022881777
-2000,4000,15,-11.7128669269
-2000,4000,20,-8.99250611881
-2000,4000,25,-6.1216951297
-2000,4000,30,-1.96393894901
-1000,4000,5,-13.2967515698
-1000,4000,10,-15.3507597938
-1000,4000,15,-12.4777591402
-1000,4000,20,-10.7881642984
-1000,4000,25,-7.67819400247
-1000,4000,30,-3.03063364424
0,4000,5,-13.3402048318
0,4000,10,-17.4263951089
0,4000,15,-12.004941129
0,4000,20,-1.76819084268e-12
0,4000,25,-7.26356228711
0,4000,30,0.0
1000,4000,5,-15.9304688163
1000,4000,10,-14.6972421951
1000,4000,15,-10.5847103677
1000,4000,20,-8.15492471736
1000,4000,25,-3.55010380332
1000,4000,30,-0.327707177831
2000,4000,5,-13.616518019
2000,4000,10,-13.71835273
2000,4000,15,-9.31018945743
2000,4000,20,-2.27838476909
2000,4000,25,-0.215080177555
2000,4000,30,-0.000708664109328
3000,4000,5,-1.44649119983e-16
3000,4000,10,0.0
3000,4000,15,-1.31883736048
3000,4000,20,0.0
3000,4000,25,-5.6001398133e-07
3000,4000,30,-1.54534923009e-11
4000,4000,5,0.0
4000,4000,10,0.0
4000,4000,15,0.0
4000,4000,20,0.0
4000,4000,25,0.0
4000,4000,30,0.0
5000,4000,5,0.0
5000,4000,10,0.0
5000,4000,15,0.0
5000,4000,20,0.0
5000,4000,25,0.0
5000,4000,30,0.0
-3000,5000,5,-8.74619273352
-3000,5000,10,-14.4109863548
-3000,5000,15,-9.42359262967
-3000,5000,20,-8.60367161244
-3000,5000,25,-6.85258777812
-3000,5000,30,-1.91161499935
-2000,5000,5,-10.7737405526
-2000,5000,10,-15.1082553113
-2000,5000,15,-14.4835696353
-2000,5000,20,-8.98443777809
-2000,5000,25,-8.11476796371
-2000,5000,30,-5.66392727259
-1000,5000,5,-12.1832180444
-1000,5000,10,-14.7103188902
-1000,5000,15,-12.372387347
-1000,5000,20,-9.77452605071
-1000,5000,25,-7.72833597312
-1000,5000,30,-2.47938089751
0,5000,5,-11.1774685565
0,5000,10,-17.7553620233
0,5000,15,-11.6202079658
0,5000,20,-5.37672228187e-07
0,5000,25,-5.55912301111
0,5000,30,-2.016071218e-11
1000,5000,5,-13.5712823399
1000,5000,10,-17.668862292
1000,5000,15,-10.1419743075
1000,5000,20,-5.77456658317
1000,5000,25,-3.41202601392
1000,5000,30,-0.531043629688
2000,5000,5,-13.4275270881
2000,5000,10,-13.0817155884
2000,5000,15,-11.4131511597
2000,5000,20,-5.50170411158
2000,5000,25,-0.725062657362
2000,5000,30,-0.0046927890784
3000,5000,5,-13.4199499467
3000,5000,10,-12.77482349
3000,5000,15,0.0
3000,5000,20,0.0
3000,5000,25,0.0
3000,5000,30,0.0
4000,5000,5,-11.4280654664
4000,5000,10,-3.39483698005
4000,5000,15,0.0
4000,5000,20,0.0
4000,5000,25,0.0
4000,5000,30,0.0
5000,5000,5,0.0
5000,5000,10,0.0
5000,5000,15,0.0
5000,5000,20,0.0
5000,5000,25,0.0
5000,5000,30,0.0
-3000,6000,5,-7.80295310439
-3000,6000,10,-12.581191044
-3000,6000,15,-9.42359262967
-3000,6000,20,-5.4374426149e-09
-3000,6000,25,-8.51132525814
-3000,6000,30,-4.84670609099
-2000,6000,5,-9.39982788178
-2000,6000,10,-12.8307756147
-2000,6000,15,-11.2057666625
-2000,6000,20,-11.7430657591
-2000,6000,25,-7.84976717928
-2000,6000,30,-5.43999609338
-1000,6000,5,-9.82100625715
-1000,6000,10,-14.6893913315
-1000,6000,15,-10.6662874909
-1000,6000,20,-10.3942022531
-1000,6000,25,-6.27194359986
-1000,6000,30,-8.32663446745e-08
0,6000,5,-8.93814312115
0,6000,10,-17.7063153035
0,6000,15,-11.2579889363
0,6000,20,-4.95182154075e-14
0,6000,25,-6.66395761281
0,6000,30,0.0
1000,6000,5,-10.5561793823
1000,6000,10,-18.5098496395
1000,6000,15,-10.9309089183
1000,6000,20,-5.22925410024e-09
2000,7000,30,-0.200772253548
3000,7000,5,-8.23367119855
3000,7000,10,-1.14437222621e-11
3000,7000,15,-7.71461973243e-16
3000,7000,20,0.0
3000,7000,25,-0.958796261814
3000,7000,30,0.0
4000,7000,5,-7.18822801147
4000,7000,10,-9.51116180263e-13
4000,7000,15,0.0
4000,7000,20,0.0
4000,7000,25,-0.000515050668893
4000,7000,30,0.0
5000,7000,5,-3.87897798419e-09
5000,7000,10,-9.71113921208e-11
5000,7000,15,0.0
5000,7000,20,0.0
5000,7000,25,-8.29362633717e-08
5000,7000,30,0.0
-3000,8000,5,-6.75446300347
-3000,8000,10,-10.453129328
-3000,8000,15,-1.95063654101e-09
-3000,8000,20,-9.73239015085
-3000,8000,25,-8.8518681207
-3000,8000,30,-4.83516575993
-2000,8000,5,-8.1119118258
-2000,8000,10,-10.1387441895
-2000,8000,15,-9.79140751871
-2000,8000,20,-8.43315239303
-2000,8000,25,-8.49370271263
-2000,8000,30,-5.84630866064
-1000,8000,5,-7.51416608763
-1000,8000,10,-11.8736262963
-1000,8000,15,-10.5869107904
-1000,8000,20,-11.1197677008
-1000,8000,25,-7.92877163578
-1000,8000,30,-3.9997137067
0,8000,5,-5.62627374816
0,8000,10,-14.8980550144
0,8000,15,-11.6595387967
0,8000,20,-1.55930329239e-09
0,8000,25,-7.24378461427
0,8000,30,-3.40134980528
1000,8000,5,-6.85174564266
1000,8000,10,-17.4592911582
1000,8000,15,-10.6640790278
1000,8000,20,-9.24863778317
1000,8000,25,-5.83351922077
1000,8000,30,-2.84842115232
2000,8000,5,-6.15377275433
2000,8000,10,-15.9412898049
2000,8000,15,-6.91888081576e-11
2000,8000,20,-9.64327466553e-17
2000,8000,25,-2.58559572922
2000,8000,30,-0.145762897461
3000,8000,5,-7.43196458568
3000,8000,10,-11.546364932
3000,8000,15,-5.86581111359e-12
3000,8000,20,0.0
3000,8000,25,-2.28121406284
3000,8000,30,-0.642749877157
1000,6000,25,-7.67077999941
1000,6000,30,0.0
2000,6000,5,-9.67678480025
2000,6000,10,-15.6047280029
2000,6000,15,-12.09212657
2000,6000,20,0.0
2000,6000,25,-3.65661074261
2000,6000,30,-0.145063329267
3000,6000,5,-12.2592189787
3000,6000,10,-15.3761933777
3000,6000,15,0.0
3000,6000,20,0.0
3000,6000,25,-0.876474589005
3000,6000,30,0.0
4000,6000,5,-9.77143139513
4000,6000,10,-9.02482559999
4000,6000,15,0.0
4000,6000,20,0.0
4000,6000,25,0.0
4000,6000,30,0.0
5000,6000,5,-14.6660206188
5000,6000,10,-5.57937827689
5000,6000,15,0.0
5000,6000,20,0.0
5000,6000,25,0.0
5000,6000,30,0.0
-3000,7000,5,-7.49676108114
-3000,7000,10,-11.164987348
-3000,7000,15,-9.18118483922
-3000,7000,20,-8.34179238506
-3000,7000,25,-7.93820521997
-3000,7000,30,-4.63847847559
-2000,7000,5,-8.85487669582
-2000,7000,10,-11.5624915673
-2000,7000,15,-12.1843784951
-2000,7000,20,-9.93765324831
-2000,7000,25,-7.75813202232
-2000,7000,30,-4.39005782435
-1000,7000,5,-8.22979794564
-1000,7000,10,-12.6028997971
-1000,7000,15,-10.5297785936
-1000,7000,20,-13.908246455
-1000,7000,25,-6.7726348433
-1000,7000,30,-2.18523809203
0,7000,5,-6.27444831991
0,7000,10,-15.2052807078
0,7000,15,-11.775633495
0,7000,20,-7.73577884692
0,7000,25,-7.6559645024
0,7000,30,-7.33076849159e-08
1000,7000,5,-7.42285565749
1000,7000,10,-15.8078416324
1000,7000,15,-12.1772696179
1000,7000,20,-9.76609112573
1000,7000,25,-9.08151298859
1000,7000,30,-1.14684604283
2000,7000,5,-6.95768660068
2000,7000,10,-12.2128438448
2000,7000,15,0.0
2000,7000,20,-5.13120159706
2000,7000,25,-4.125384778
